,5138,4775,5650,2675,1979,5414,3265,2288,984,3160,5764,2360,3257,4870,3649,4570,3836,3648,2416,5435,3070,4461,3498,1248,4896,3105,3853,5559,1533,3766,1095,2600,4026,3139,1862,5359,3729,3524,4202,5863,2279,3195,2017,3996,3725,3203,1339,2218,2234,1901,1491,5830,3102,777,3627,5994,5364,3508,2693,2922,5000,5339,4554,2992,3681,4688,1396,1098,3248,3897,742,3615,1901,1709,5972,961,2296,2083,4277,1442,4114,3990,1531,2989,4014,4760,5417,3090,5581,2670,5477,4361,3717,2013,3988,5968,3510,4897,2375,4089
0,26836.80078125,21857.73046875,30305.740234374996,10215.509765625,13231.009765624998,34836.75,13138.849609375,8281.3798828125,9851.9404296875,12617.769531250002,33847.80078125,8292.2099609375,13241.379882812498,25384.029296875,17022.08984375,24471.310546875,17755.5,17063.830078125,9236.0595703125,35135.171875,13253.509765625,22322.029296874996,16073.370117187502,10661.889648437502,26665.380859375,13035.849609374998,18093.689453125,35095.73828125,10742.160156249998,17812.25,10044.3095703125,10868.1201171875,17147.5,12639.7998046875,13628.6904296875,34109.87890625,17005.0703125,16429.01953125,18024.91015625,33805.0390625,8117.39013671875,13329.7099609375,12850.740234375,17739.830078125,16468.0703125,13559.919921875,10251.0400390625,8178.72021484375,8420.6904296875,13472.6796875,10856.860351562498,33428.30859375,13278.1103515625,7932.4501953125,16739.140625,32537.539062500004,33855.640625,15844.8203125,10595.549804687502,11269.849609375,27843.5390625,32470.880859375004,24902.30078125,11542.389648437498,16983.880859375,25786.990234375,10651.66015625,9906.7099609375,13022.049804687498,17638.119140625,8626.990234375,16490.349609375,13472.6796875,11988.919921875002,33519.44140625,9772.009765625,7461.490234375,12617.400390625,19872.859375,10456.610351562502,17919.029296875,17769.5,10793.2998046875,11905.669921875,17530.849609374996,25779.5703125,34924.80859375,12850.879882812498,32860.421875,10303.0703125,34757.5703125,20987.830078125,16535.4296875,12801.150390625,17900.779296875,34077.078125,15759.599609374998,26749.119140625,8798.5,17605.44921875
1,27078.846571180555,22212.899848090277,30214.991210937496,10131.07421875,13194.151529947916,34879.29210069444,13124.979600694445,8157.512179904515,9880.134331597223,12732.475748697918,34095.861979166664,8363.19056532118,13190.525553385414,25530.746961805555,16997.498752170137,24662.163736979168,17818.9072265625,17012.115668402777,9309.29296875,35249.864149305555,13254.043023003473,22321.00770399305,16077.06239149306,10736.459635416668,26701.612196180555,12982.370225694443,17991.74978298611,35115.58181423611,10805.448459201387,17892.11805555556,10027.051866319445,10678.638888888889,17032.304470486113,12594.153700086805,13650.418185763889,34090.72797309028,17077.084906684027,16466.456217447914,18101.180230034723,33705.313368055555,8216.24400499132,13448.819444444445,12788.371419270834,17762.257161458336,16585.142578125,13493.715006510418,10315.655056423611,8404.091335720486,8092.813774956598,13421.027452256943,10796.947591145832,33132.311414930555,13254.688639322918,7918.094021267361,16823.207085503473,32809.00726996528,33907.619574652774,15806.751844618055,10665.423719618057,11338.342936197916,27930.968532986113,32474.860243055555,24596.53857421875,11422.839084201387,16997.890842013887,25782.0908203125,10616.980577256945,9922.688259548611,12989.64870876736,17688.800238715277,8541.139078776043,16450.002983940973,13421.027452256943,12033.385525173613,33519.71603732638,9788.368760850693,7333.770751953125,12704.38498263889,19888.067708333332,10505.247124565974,17819.48806423611,17635.928059895832,10761.441948784723,11854.157280815973,17564.477973090274,25467.879774305555,34877.713433159726,12964.091037326387,33033.02951388889,10354.131401909723,34647.27495659722,20986.819661458336,16444.269694010418,12712.744303385418,17826.190538194445,33981.952256944445,15821.935818142361,26742.075846354168,8689.762858072916,17592.289388020836
2,27107.88498263889,22227.603949652777,30473.784722222215,9999.382052951389,13273.965006510416,34818.17664930555,13125.417317708334,7905.734429253474,9918.897135416666,12892.173014322918,34536.35666232638,8527.142116970484,13179.749348958332,25788.3984375,17061.86821831597,24675.750434027777,17813.747504340277,16940.463921440973,9291.717990451389,35294.33984375,13280.931857638889,22321.105034722215,16071.127495659728,10779.906358506947,26664.391059027774,12902.259765624998,17859.74587673611,35139.260416666664,10785.113389756942,17885.165039062504,10043.984754774307,10719.978244357639,16795.669921875,12687.37158203125,13658.415364583334,34310.44021267362,17187.85275607639,16449.122395833332,17998.0634765625,33464.783311631945,8370.308322482639,13418.780490451389,12890.569932725695,17835.91351996528,16579.881944444445,13480.58664279514,10463.06103515625,8204.79242621528,7897.432047526041,13512.533637152777,10720.215277777777,33273.307291666664,13206.002549913195,7986.332329644098,16874.62527126736,32744.62380642361,33886.4197048611,15855.447970920139,10817.905815972223,11179.959038628473,27932.97016059028,32660.371310763887,24675.480848524305,11197.229003906248,16946.152018229168,25688.60818142361,10619.39789496528,9882.77045355903,12899.115885416666,17640.638020833332,8492.190131293404,16337.597439236115,13512.533637152777,12098.137695312502,33050.73372395832,9806.883843315973,7173.708034939236,12851.349500868057,19903.276041666664,10598.022135416668,17891.214192708332,17462.76904296875,10681.583658854166,11929.280110677082,17367.062934027774,25068.378255208336,34743.6259765625,13085.84722222222,33057.172526041664,10488.47797309028,34495.66341145833,21053.347981770836,16518.684136284723,12492.991970486113,17919.764973958336,34008.511284722226,15805.241427951389,26737.14691840278,8701.832899305555,17456.77289496528
3,27007.709635416668,22113.997287326387,30876.859157986106,9848.6826171875,13374.646104600693,34723.10611979166,13138.840115017361,7677.702745225697,9969.977593315973,13039.034722222224,34937.196940104164,8702.637695312498,13213.850965711805,26059.681749131945,17140.772460937496,24623.62217881944,17786.181749131945,16879.854437934027,9201.437337239582,35281.955078125,13315.616807725693,22321.20236545138,16070.203721788199,10791.337944878476,26589.64778645833,12801.38042534722,17763.813151041664,35162.93901909722,10695.05620659722,17857.39496527778,10088.686306423611,10878.655436197916,16546.141004774305,12850.941080729166,13658.010904947918,34519.49023437501,17247.771158854168,16414.87364366319,17814.136664496527,33101.054361979164,8536.206678602432,13267.764919704861,13035.166069878474,17919.592881944445,16495.30539279514,13510.75439453125,10640.822157118057,7935.735839843753,7866.637017144097,13600.628146701389,10632.51980251736,33668.240125868055,13139.86984592014,8091.601752387153,16898.10085720486,32469.813151041664,33869.36371527777,15945.945095486111,10999.270779079861,10902.837944878473,27860.558919270836,32863.5908203125,24810.294108072918,10933.39898003472,16864.820855034723,25571.02398003472,10655.154134114586,9810.319878472224,12766.301866319443,17527.557074652777,8506.343939887154,16184.267469618058,13600.628146701389,12163.508246527781,32463.64680989582,9825.398925781252,7038.014784071181,12967.564507378473,19918.484374999996,10710.148220486113,18054.412543402777,17329.747884114582,10571.051540798611,12095.411838107637,17109.891059027774,24939.96766493056,34615.382486979164,13172.146647135416,32956.20269097222,10672.639648437502,34357.68294270833,21124.90060763889,16621.182942708332,12295.446397569445,18071.537760416668,34153.56467013889,15735.754611545137,26732.217990451394,8810.644015842012,17272.93495008681
4,26845.469184027777,22041.090277777777,31286.465928819434,9687.476019965277,13433.728352864582,34635.2849392361,13165.250162760416,7527.883870442711,10020.722493489584,13132.570312500002,35190.80783420139,8870.613254123264,13278.537651909723,26278.0283203125,17207.19222005208,24576.836154513887,17740.086263020836,16850.767035590277,9066.792914496527,35246.96419270833,13350.839029947916,22321.299696180544,16069.414333767365,10768.568901909726,26498.198459201383,12684.155381944443,17728.051649305555,35186.617621527774,10572.208496093748,17849.440429687504,10149.058485243057,11060.020399305555,16353.800944010416,13015.827202690973,13663.733669704863,34626.069661458336,17254.931206597223,16350.012912326387,17631.07937282986,32698.402669270832,8688.483940972224,13100.827094184027,13127.522243923615,17968.145833333336,16352.67816840278,13553.273220486111,10807.454915364584,7758.913601345488,8010.972547743056,13649.32476128472,10547.99712456597,34086.32150607639,13053.212185329863,8182.530083550347,16908.218695746527,32071.87141927083,33887.39149305554,16027.669542100697,11135.249674479166,10636.456244574652,27753.60080295139,32977.09255642361,24925.46034071181,10711.383409288193,16799.762478298613,25464.728515624996,10719.438042534724,9718.212727864586,12630.639594184027,17397.973198784723,8582.22455512153,16012.34640842014,13649.32476128472,12214.347059461808,32047.916449652766,9847.00678168403,6977.398139105903,13029.469997829863,19929.33995225694,10818.562608506947,18230.992513020832,17253.806803385414,10447.824381510416,12290.431260850692,16937.04969618055,25137.787651909723,34527.546766493055,13215.903808593748,32817.541883680555,10846.419650607642,34282.328559027774,21168.901150173613,16689.60118272569,12171.966905381945,18170.167317708336,34369.089192708336,15632.369574652776,26727.289062500007,8980.312961154512,17087.912651909726
5,26665.93467881944,22000.522243923613,31670.342122395825,9532.281629774305,13444.622721354166,34589.17057291666,13194.849609375,7499.259955512155,10060.90185546875,13164.453016493057,35276.29199218751,9032.973334418402,13342.076063368057,26410.975260416668,17242.429904513883,24539.50954861111,17673.811631944445,16842.87158203125,8931.129665798611,35198.45985243055,13373.046223958334,22321.397026909708,16068.624945746531,10710.346679687504,26416.432942708325,12574.608669704861,17741.336480034723,35210.29622395833,10435.04519314236,17860.66134982639,10212.288519965277,11195.99929470486,16262.219835069442,13120.17111545139,13680.574164496531,34653.9912109375,17214.21169704861,16278.336697048611,17504.72705078125,32286.029622395836,8796.961751302086,12983.522081163193,13149.768283420142,17976.71137152778,16191.020399305555,13589.353732638889,10910.418836805557,7729.427408854169,8216.740315755209,13672.692491319443,10472.70437282986,34403.14615885417,12949.970594618058,8242.526774088541,16908.186469184027,31659.498372395832,33945.348958333314,16084.802788628474,11184.006781684026,10495.067247178818,27656.65842013889,33007.09157986111,25025.01991102431,10569.166124131943,16780.714029947918,25372.395399305555,10794.98361545139,9610.659505208336,12510.407877604166,17291.987630208332,8702.054470486111,15846.841959635418,13672.692491319443,12249.323567708336,31896.57486979166,9873.47406684028,6974.227674696181,13046.930555555557,19940.195529513887,10909.933702256947,18373.989149305555,17235.25298394097,10311.02663845486,12455.325737847219,16908.910698784715,25428.976996527777,34487.259440104164,13215.587076822914,32716.14539930556,10947.116265190976,34254.97026909722,21175.487847222223,16712.03786892361,12147.903483072916,18174.309570312504,34570.98285590278,15519.281249999998,26722.36013454862,9160.054063585067,16918.177029079863
6,26488.49782986111,21999.1337890625,31973.062717013883,9400.454481336805,13428.054904513889,34574.00694444444,13218.389051649305,7602.074381510419,10089.253472222223,13135.375813802084,35216.79850260417,9185.520100911457,13389.364366319445,26464.794921875,17246.709743923606,24510.463975694445,17585.634114583332,16851.438747829863,8829.923068576389,35143.99045138888,13376.835123697918,22321.494357638872,16067.835557725697,10617.267198350697,26353.418728298602,12479.347547743057,17784.161566840277,35233.97482638888,10293.198567708332,17886.524088541668,10275.324652777777,11244.756401909719,16281.119737413192,13154.623860677086,13707.674153645838,34656.9189453125,17142.7035047743,16209.983832465277,17463.658257378473,31916.44780815973,8843.634548611113,12941.140570746527,13119.741590711808,17954.00336371528,16026.889865451389,13605.665310329861,10937.631673177084,7855.891303168406,8409.401991102432,13665.61968315972,10416.080295138887,34617.542860243055,12830.905544704865,8233.789577907986,16911.104871961805,31316.468858506938,34022.32096354165,16114.91059027778,11152.079047309026,10472.545111762152,27607.28146701389,32965.28374565972,25090.02284071181,10518.150499131943,16810.352864583336,25283.012369791668,10872.379231770836,9485.75070529514,12408.687825520834,17211.246527777777,8829.139973958334,15681.337510850697,13665.61968315972,12258.361870659724,31979.439887152766,9903.606933593752,7018.059895833333,13041.972764756945,19951.051106770832,10980.64371744792,18446.974066840277,17265.46446397569,10174.496744791664,12554.99739583333,17002.74164496527,25701.95518663194,34471.01356336805,13182.965983072914,32713.707682291668,10972.391927083336,34273.107855902774,21151.223307291668,16699.36555989583,12205.926378038193,18108.687282986117,34716.50390625,15422.569552951385,26717.431206597234,9329.776285807287,16774.999782986113
7,26311.060980902777,22022.635416666668,32152.06412760416,9296.151692708332,13413.717013888889,34557.5036892361,13236.344075520832,7756.558729383682,10112.476725260418,13052.075846354168,35080.64963107639,9293.803032769096,13407.99652777778,26471.52940538194,17233.639648437496,24496.494900173613,17494.300455729168,16869.282389322918,8788.83306206597,35089.52105034722,13364.887315538197,22321.591688368037,16067.046169704863,10497.763400607642,26288.609483506934,12394.096462673611,17834.6806640625,35257.65342881944,10159.265299479166,17909.564127604168,10332.235785590277,11211.288682725692,16375.956922743053,13125.546657986113,13748.357530381947,34699.599500868055,17069.8167860243,16138.3076171875,17505.043131510418,31601.548719618066,8817.607910156254,12961.839463975693,13070.24115668403,17914.61414930556,15881.382052951389,13599.936360677084,10900.136610243057,8059.521294487851,8584.134195963543,13655.065158420137,10377.396375868053,34721.25640190972,12711.767686631949,8155.220024956597,16933.2177734375,31083.480577256938,34119.652560763876,16107.35736762153,11062.924587673608,10551.163492838541,27598.10036892361,32886.764105902774,25144.64230685764,10555.47488064236,16864.782769097226,25187.055447048613,10947.058159722224,9358.870713975695,12332.723958333334,17175.57546657986,8956.225477430557,15515.833062065974,13655.065158420137,12264.501953125004,32234.91134982638,9939.187011718752,7082.037082248263,13027.519965277777,19961.906684027777,11032.928656684031,18457.06076388889,17337.117350260414,10052.050672743053,12593.802842881942,17129.036621093743,25892.98546006944,34454.76768663193,13127.279893663193,32753.739583333336,10934.879123263892,34310.29123263889,21128.995985243055,16655.35335286458,12282.83181423611,18001.565863715285,34778.89605034722,15360.014431423606,26712.502278645847,9481.77243381076,16676.267089843754
8,26133.624131944445,22065.781358506945,32184.961697048606,9244.15771484375,13407.903591579861,34525.18554687499,13250.10302734375,7901.402615017362,10131.384440104168,12931.98139105903,34890.9443359375,9356.45472547743,13403.366536458334,26439.558268229164,17204.369574652774,24494.780924479168,17402.966796875004,16885.453287760418,8811.910807291664,35038.76497395833,13348.341742621531,22321.6890190972,16066.25678168403,10370.577853732642,26224.64474826388,12323.123752170139,17870.875759548613,35281.33203124999,10044.120334201387,17920.20627170139,10380.290798611111,11112.71755642361,16479.789713541664,13045.34613715278,13791.868055555558,34790.12272135417,17027.142903645832,16069.954752604166,17615.421061197918,31397.20876736112,8720.564453125004,13039.081651475693,13034.277832031252,17871.986328125004,15767.628038194445,13576.68017578125,10814.039442274307,8247.614067925351,8733.438096788195,13646.669542100692,10361.366427951387,34708.325629340274,12603.121527777783,8059.384521484374,16970.612196180555,30984.34233940972,34216.9841579861,16081.824055989586,10929.23741319444,10708.410725911457,27597.71831597222,32810.6101345486,25195.995171440973,10674.13991970486,16932.3482530382,25091.09852430556,11019.224826388892,9247.0712890625,12280.259494357639,17178.429416232637,9083.902072482639,15351.7802734375,13646.669542100692,12270.642035590283,32606.891167534708,9988.61859809028,7138.369873046874,13010.473849826389,19972.762261284723,11063.521430121531,18414.689019097223,17426.311252170137,9942.928005642358,12596.55278862847,17238.51779513888,26038.040690104164,34438.521809895814,13061.680555555555,32803.286675347226,10849.758083767365,34354.583984375,21112.23806423611,16596.07508680555,12352.642198350692,17901.94368489584,34770.92122395833,15325.175998263883,26707.57335069446,9591.331949869787,16636.242241753473
9,25956.187282986113,22111.187391493055,32092.90266927083,9243.902669270834,13402.090169270834,34480.99761284721,13257.600911458332,8009.635877821182,10146.908203125002,12803.92133246528,34677.95779079861,9383.718614366318,13387.554741753473,26381.657226562496,17171.924587673606,24519.776909722223,17311.63313802084,16899.43310546875,8889.560872395832,34984.295572916664,13332.92057291667,22321.786349826365,16065.467393663195,10257.33121744792,26160.680013020825,12269.348253038193,17884.2001953125,35305.01063368055,9957.956542968748,17930.28884548611,10417.080837673611,10961.583658854166,16572.365722656246,12935.151204427084,13813.595811631947,34877.44379340278,17024.878146701387,15998.27853732639,17753.57948133681,31330.41775173612,8584.707817925351,13142.098904079861,13017.558376736113,17836.622287326394,15699.561252170139,13540.015733506945,10701.366753472223,8401.639078776047,8824.239800347223,13638.273925781246,10372.92654079861,34591.82432725694,12507.860405815978,7976.817898220485,17012.82931857639,31025.697916666668,34314.31575520833,16036.65619574653,10765.50352647569,10889.775689019096,27597.164062499996,32745.917209201383,25261.26633029514,10833.298285590276,16982.359754774312,24995.141601562504,11091.39149305556,9159.340169270832,12258.26226128472,17226.26372612847,9218.728135850693,15187.727484809026,13638.273925781246,12276.782118055562,32999.0173611111,10044.720757378474,7167.544867621527,12993.891710069443,19983.617838541668,11061.574761284724,18320.399739583332,17502.21685112847,9839.252549913192,12573.233344184027,17311.598958333325,26118.11577690972,34422.2759331597,12985.192871093748,32852.83376736112,10723.927029079865,34398.87673611111,21095.60579427083,16534.605577256938,12405.136013454858,17848.84776475695,34708.2947048611,15320.243218315967,26702.644422743073,9656.169786241315,16640.202473958336
10,25772.80164930556,22156.593424479164,31945.274522569438,9294.13156467014,13396.276746961807,34436.80967881943,13259.326551649305,8063.374213324654,10162.431966145836,12691.59125434028,34459.503797743055,9379.179063585068,13368.850260416666,26316.84798177083,17144.83463541666,24562.556857638887,17227.636610243062,16913.412923177082,9013.355794270832,34933.539496527774,13320.641655815974,22321.88368055553,16064.678005642361,10159.489637586808,26096.71527777777,12221.899902343748,17882.868815104168,35328.6892361111,9915.691026475693,17941.4326171875,10440.162000868057,10799.639756944443,16641.77061631944,12805.775607638889,13812.905273437502,34967.9670138889,17069.87966579861,15929.925672743055,17863.683430989586,31413.961154513898,8450.807834201392,13229.818196614582,13016.608886718752,17816.98426649306,15688.66449652778,13506.994032118057,10584.933485243057,8503.676269531255,8846.774631076389,13629.878309461801,10412.569335937498,34377.94824218749,12422.609320746533,7924.580702039929,17048.534830729168,31197.72688802084,34411.647352430555,15981.700520833332,10607.829644097217,11028.386854383678,27587.17805989583,32681.224283854164,25330.459798177082,11011.482096354164,16996.54866536459,24896.947482638894,11166.201497395838,9091.224500868055,12267.072374131943,17292.500488281246,9371.943739149303,15023.674696180551,13629.878309461801,12282.922200520841,33391.14355468749,10101.971245659724,7160.237630208333,12978.632921006943,19994.473415798613,11028.065863715281,18181.871527777774,17537.793674045137,9733.940972222219,12536.284016927082,17333.723307291657,26127.206488715274,34406.03005642358,12898.02077907986,32893.50195312501,10563.74039713542,34443.16948784722,21078.973524305547,16480.859971788188,12435.003200954858,17850.16612413195,34611.12022569444,15339.475477430547,26697.715494791686,9680.41137695312,16683.172851562504
11,25599.31879340278,22197.749457465274,31807.134223090274,9377.198784722224,13390.46332465278,34392.62174479165,13254.539876302082,8069.314860026044,10177.95572916667,12590.744520399308,34261.469835069445,9343.923366970484,13358.45903862847,26252.883246527774,17115.921332465274,24608.1083984375,17171.255479600703,16927.392740885414,9155.39138454861,34882.452039930555,13314.696614583336,22321.981011284694,16063.888617621527,10082.625868055558,26032.750542534715,12195.460449218748,17875.610677083332,35352.36783854166,9914.719455295139,17952.57638888889,10445.961480034723,10641.96587456597,16690.212727864582,12679.097819010416,13818.628038194447,35055.28808593751,17138.839680989582,15860.597764756943,17923.144694010418,31605.467773437507,8343.364556206601,13281.013129340277,13021.597764756945,17823.26508246528,15723.909505208334,13492.09228515625,10469.631890190973,8548.597330729172,8790.779025607639,13621.482693142356,10474.753255208332,34122.71571180555,12351.63661024306,7914.953423394095,17072.485460069445,31466.730034722234,34508.97894965278,15921.189290364582,10455.871365017356,11082.860649956594,27559.773654513883,32616.531358506945,25385.079264322914,11164.282714843748,16977.20296223959,24795.492296006953,11244.732638888892,9052.93603515625,12311.800726996527,17352.8538953993,9544.95100911458,14867.760253906246,13621.482693142356,12289.06228298612,33781.41482204861,10159.221733940974,7102.910454644097,12963.374131944443,20005.32899305556,10956.085937500004,18045.703124999996,17539.438639322914,9615.999945746526,12487.3330078125,17291.584418402766,26051.368706597215,34389.78417968746,12795.867513020832,32927.01019965279,10394.443793402781,34487.46223958333,21062.341254340266,16437.03781467013,12445.789822048608,17889.227213541668,34515.03537326388,15355.367621527772,26692.7865668403,9667.48022460937,16751.15125868056
12,25429.986979166668,22237.234374999996,31737.045464409715,9480.143717447918,13384.649902343752,34348.43381076387,13247.532063802082,8025.9871961805575,10193.479492187504,12496.761121961808,34103.71440972222,9286.56437174479,13356.505045572916,26188.91851128472,17087.008029513887,24649.161024305555,17159.382215711816,16941.372558593746,9313.957031249998,34831.695963541664,13309.592664930558,22322.078342013858,16063.099229600693,10035.427517361115,25968.78580729166,12187.846571180555,17870.50759548611,35376.04644097221,9950.53271484375,17963.72016059028,10438.259819878473,10490.00759548611,16708.111707899305,12581.936089409723,13835.468532986115,35145.811306423624,17201.80398220486,15792.24490017361,17930.575249565976,31850.034722222234,8280.081244574656,13298.899793836805,13022.55609809028,17847.238932291668,15794.47119140625,13491.502712673611,10354.710286458334,8537.277940538199,8678.248969184027,13613.08707682291,10543.808810763887,33860.16438802083,12297.861111111115,7934.719997829859,17094.783745659723,31766.51399739584,34606.31054687501,15851.32302517361,10316.62754991319,11056.715630425344,27497.86469184027,32551.838433159723,25446.864854600695,11260.201605902777,16939.495171440976,24694.03710937501,11324.696560329863,9049.22536892361,12393.207465277777,17395.07503255208,9698.464952256942,14745.969184027774,13613.08707682291,12295.2023654514,34164.36328124999,10219.272243923613,6992.93212890625,12948.115342881943,20016.184570312504,10848.325412326392,17929.15212673611,17512.393934461805,9487.64724392361,12423.258138020834,17198.89680989582,25944.137695312496,34373.53830295135,12678.642469618055,32960.51844618057,10230.047743055558,34531.75499131944,21045.708984374985,16405.160101996516,12448.120388454858,17949.118055555555,34434.09114583333,15366.311035156246,26687.857638888912,9623.723497178815,16827.466091579863
13,25260.655164930555,22276.71929253472,31756.948133680547,9583.70529513889,13378.836480034724,34304.24587673609,13235.776963975692,7950.762695312503,10209.003255208338,12408.34000651042,34039.2578125,9228.29315863715,13353.369466145832,26124.953776041664,17058.0947265625,24691.94097222222,17186.877549913206,16955.35237630208,9477.014865451387,34780.608506944445,13304.488715277781,22322.175672743022,16062.30984157986,10022.83924696181,25904.821072048606,12199.018391927082,17868.552842881945,35399.72504340277,10009.781521267361,17974.86393229167,10416.082573784723,10350.763780381943,16709.090983072914,12523.482801649307,13862.568522135422,35233.13237847223,17230.29052734375,15725.594238281248,17886.75189887153,32086.623480902792,8272.09071180556,13282.436414930555,13022.162217881945,17874.284505208336,15881.867730034723,13491.462619357639,10233.330349392361,8471.182373046879,8554.866183810764,13604.691460503465,10609.84939236111,33602.120225694445,12250.41276041667,7976.965576171871,17117.08203125,32048.016493055566,34703.64214409723,15775.99517144097,10207.753689236106,10973.405083550344,27408.85156249999,32487.145507812496,25501.484320746527,11296.092719184027,16902.64740668403,24599.14626736112,11404.660481770834,9091.912597656248,12498.791829427084,17406.2122938368,9804.646647135414,14664.287543402774,13604.691460503465,12301.342447916679,34497.422092013876,10279.175021701392,6873.943277994791,12932.856553819443,20027.04014756945,10710.49430338542,17840.447699652777,17461.649359809027,9360.767252604164,12345.711046006945,17067.60894097221,25841.716145833332,34357.29242621523,12569.095757378473,32994.02669270835,10068.152289496531,34576.04774305555,21029.076714409704,16380.556369357628,12444.760959201385,18004.607747395832,34359.863715277774,15378.734429253469,26682.928710937525,9556.725667317705,16891.577690972223
14,25091.32335069444,22316.20421006944,31796.057617187493,9680.555230034724,13373.023057725697,34260.05794270831,13222.881890190969,7855.888264973961,10224.527018229172,12326.489529079865,34052.751302083336,9177.97968207465,13346.613878038193,26060.98904079861,17029.181423611113,24732.993598090274,17237.28586154515,16969.33219401041,9633.001627604166,34729.852430555555,13299.384765625004,22322.273003472186,16061.520453559026,10041.498101128478,25840.85633680555,12216.667371961805,17867.120876736113,35423.40364583332,10077.3681640625,17986.007703993062,10374.344835069445,10243.48876953125,16699.0365125868,12511.505642361111,13895.258517795142,35323.65559895835,17213.496039496527,15655.875759548608,17792.46261935764,32271.798285590292,8313.513319227435,13245.433756510416,13021.768337673611,17893.84613715278,15969.539713541668,13491.422526041666,10107.840983072918,8365.636827256947,8442.69731987847,13596.29584418402,10666.720540364582,33376.800130208336,12224.830566406252,8035.700547960066,17139.380316840277,32299.162434895843,34800.97374131946,15712.248969184026,10134.526584201383,10847.574028862844,27325.885199652766,32422.45258246527,25562.990397135418,11282.48828125,16872.231933593754,24519.82812500001,11484.624403211805,9159.91091579861,12597.4951171875,17384.167588975688,9872.182291666664,14643.006998697912,13596.29584418402,12307.482530381958,34727.0271267361,10336.372775607642,6785.463867187499,12918.978298611111,20037.895724826394,10549.567111545142,17781.346137152777,17401.465006510418,9248.967827690969,12255.898328993057,16928.36333550346,25757.97341579861,34341.04654947911,12473.834635416668,33027.53493923613,9914.792914496531,34620.34049479166,21012.444444444423,16355.235297309016,12439.442654079858,18038.121202256945,34285.63628472222,15391.157823350693,26677.99978298614,9481.257893880205,16933.094835069445
15,24934.612630208332,22355.689127604164,31811.601453993044,9755.555826822918,13367.20963541667,34215.870008680526,13212.841851128469,7772.1794162326405,10240.050781250005,12259.658474392365,34154.555989583336,9146.077935112846,13334.274848090276,25997.024305555555,17000.268120659726,24775.773546006938,17299.594780815984,16983.312011718743,9750.158908420139,34678.764973958336,13294.280815972226,22322.37033420135,16060.731065538192,10079.55799696181,25775.30110677083,12239.449110243055,17871.943359375004,35447.082248263876,10145.749240451389,17997.151475694453,10315.679796006945,10180.567654079861,16689.813747829856,12535.416829427082,13927.948513454863,35410.97667100696,17174.10498046875,15594.087293836801,17663.28705512153,32393.878472222237,8382.791069878476,13198.689887152777,13021.374457465277,17909.079861111113,16048.99565972222,13491.382432725693,9979.89935980903,8271.366292317713,8365.456759982639,13587.900227864575,10709.037760416664,33196.86566840278,12226.09174262153,8082.433946397565,17161.678602430555,32521.891710069456,34898.305338541686,15665.702202690969,10099.222601996522,10688.824028862844,27261.80392795138,32357.759657118047,25642.835557725695,11227.697211371527,16841.816460503476,24467.52148437501,11560.569878472223,9235.726996527777,12671.458279079861,17349.99690755208,9912.36165364583,14685.802680121524,13587.900227864575,12313.622612847237,34832.150607638876,10393.570529513892,6734.39054361979,12905.10004340278,20048.75130208334,10388.568793402781,17755.413845486113,17341.28065321181,9161.236707899301,12164.275553385418,16805.781141493044,25691.687934027777,34324.800672743,12388.583550347223,33063.08854166669,9779.990722656254,34664.961154513876,20995.812174479142,16323.791992187487,12432.945421006942,18047.205946180555,34211.408854166664,15403.581217447916,26673.07085503475,9407.176242404512,16945.835611979168
16,24791.70193142361,22395.174045138887,31795.7263454861,9789.694010416668,13361.396213107642,34171.682074652745,13207.822374131942,7725.322211371529,10255.57454427084,12210.765190972226,34325.95768229167,9141.055040147568,13324.57693142361,25933.0595703125,16971.35481770834,24818.553493923602,17345.751898871542,16997.291829427075,9826.290093315973,34628.008897569445,13289.176866319449,22322.467664930515,16059.941677517358,10130.684027777783,25709.745876736106,12274.703070746527,17883.664279513894,35472.23784722221,10207.738715277777,18008.295247395843,10236.621473524305,10162.146050347223,16684.97542317708,12592.606770833332,13960.638509114584,35469.53993055557,17137.125054253473,15547.676595052078,17540.055392795144,32438.00086805557,8453.71158854167,13145.116048177082,13020.980577256943,17920.521267361113,16119.05935329861,13491.34233940972,9854.814941406252,8196.419080946185,8324.551215277777,13580.239583333325,10733.632215711803,33097.12912326389,12246.058973524307,8083.977891710065,17183.976888020832,32694.701497395843,34995.63693576391,15629.39046223958,10102.585991753467,10521.317409939233,27211.420355902766,32293.066731770825,25725.291178385418,11141.00054253472,16811.4009874132,24438.04926215279,11636.51535373264,9302.735839843748,12717.29269748264,17325.97856987847,9943.309461805553,14773.127007378469,13580.239583333325,12319.762695312516,34824.99348958332,10451.177788628474,6709.315592447915,12891.221788194447,20059.606879340285,10230.201605902781,17764.026909722226,17281.0962999132,9093.121039496524,12091.612792968752,16708.948296440958,25631.273980034723,34308.55479600688,12317.61083984375,33113.34678819447,9675.734592013892,34708.150607638876,20979.17990451386,16287.350368923595,12426.448187934026,18039.26909722222,34136.14474826389,15416.00461154514,26668.141927083365,9346.137234157984,16939.40223524306
17,24663.86924913194,22428.497938368055,31762.05566406249,9794.70893012153,13355.582790798615,34127.49414062496,13203.035698784719,7696.6051161024325,10271.098307291673,12187.609646267365,34509.86783854167,9170.101155598957,13319.494628906248,25869.094835069445,16942.441514756953,24861.333441840266,17354.010253906265,17011.271647135407,9850.380533854168,34576.921440972226,13284.072916666672,22322.56499565968,16059.152289496524,10188.344021267367,25644.147677951383,12320.786946614582,17901.79698350695,35497.39344618055,10262.397677951387,18019.439019097234,10147.011610243055,10181.304416232639,16691.883083767356,12668.182942708332,13993.328504774305,35503.06206597223,17118.99072265625,15508.96706814236,17431.92659505209,32421.284939236124,8500.684760199656,13082.134982638889,13020.58669704861,17930.406032986113,16183.12141927083,13491.302246093748,9733.969997829863,8143.889024522574,8308.740180121527,13572.578938802075,10739.757866753469,33103.134765625,12288.76898871528,8022.500054253468,17206.27517361111,32797.15364583334,35092.96853298614,15593.078721788192,10143.100423177078,10363.15470377604,27163.870768229153,32228.3738064236,25796.238552517363,11021.61675347222,16780.98551432292,24428.610134548624,11712.460828993058,9357.448459201387,12733.013834635418,17316.35064019097,9974.467285156248,14874.844184027776,13572.578938802075,12325.902777777796,34740.89409722221,10510.769965277781,6689.598985460068,12874.414659288197,20070.46245659723,10076.842230902781,17788.865234375004,17220.91194661459,9054.832573784719,12040.238878038195,16630.592773437485,25571.161783854168,34292.30891927076,12263.835340711805,33180.01953125002,9610.17469618056,34722.54947916666,20962.54763454858,16240.865397135402,12419.95095486111,18012.162760416664,34060.88064236112,15428.428005642363,26663.212999131978,9307.151557074652,16917.19943576389
18,24548.71538628472,22450.666883680555,31719.181098090266,9775.75775824653,13349.769368489588,34083.30620659718,13198.249023437496,7673.331895616321,10284.306532118062,12196.419759114588,34647.61501736112,9228.652913411457,13312.486816406248,25803.539605034723,16913.528211805566,24904.11338975693,17317.15955946182,17025.25146484374,9820.70111762153,34526.165364583336,13278.968967013894,22322.662326388843,16058.36290147569,10245.672905815978,25578.54947916666,12377.603135850693,17918.15635850695,35522.54904513888,10311.68267144097,18030.582790798624,10039.141221788193,10229.865505642361,16704.624620225688,12743.913031684027,14026.018500434026,35541.65928819446,17120.146321614582,15479.934787326387,17331.923231336812,32317.542751736124,8518.273681640629,13013.474012586805,13020.192816840276,17940.290798611113,16241.14246961805,13491.262152777776,9610.711208767363,8106.835774739588,8309.328531901041,13564.918294270825,10731.246799045135,33195.537109375,12358.309570312502,7933.170084635412,17228.573459201387,32845.01085069445,35190.300130208365,15564.046440972219,10208.116482204858,10222.598117404512,27093.2878689236,32163.680881076372,25852.959038628473,10876.24565972222,16750.570041232644,24449.008246527792,11788.406304253476,9394.488389756942,12725.611111111111,17336.59988064236,10011.926757812498,14974.931966145832,13564.918294270825,12332.042860243075,34601.58246527777,10567.754991319449,6654.940158420138,12857.609809027781,20081.318033854175,9936.742296006947,17814.14073350695,17160.50374348959,9051.121907552078,12029.774468315973,16593.472710503458,25511.049587673613,34276.063042534646,12214.418131510414,33263.42122395836,9574.389702690976,34718.09179687499,20945.9153645833,16192.789171006929,12413.453721788193,17974.22515190972,33985.61653645834,15440.851399739586,26658.28407118059,9294.758165147568,16893.720052083336
19,24436.83604600694,22463.88747829861,31657.62988281249,9743.222276475697,13343.95594618056,34039.1182725694,13193.462348090274,7644.057047526045,10294.048177083341,12240.959798177088,34727.53776041667,9298.973388671873,13300.731716579858,25737.984375,16884.61490885418,24946.893337673595,17257.726508246542,17039.23128255207,9750.80832248264,34475.07790798612,13273.865017361117,22322.759657118007,16057.573513454856,10303.00179036459,25507.34309895833,12441.306532118055,17933.374023437507,35547.70464409722,10348.72493489583,18041.726562500015,9915.743001302082,10305.216091579861,16715.846082899297,12814.413682725693,14058.708496093746,35580.59809027779,17128.397298177082,15467.269748263887,17239.665961371535,32164.61393229168,8506.124864366322,12948.180826822916,13019.798936631942,17950.175564236113,16285.831325954854,13491.222059461803,9492.29291449653,8065.338677300351,8328.075141059026,13557.257649739575,10715.819118923608,33384.46560329862,12442.850151909724,7846.297363281246,17250.871744791664,32833.04210069445,35270.073350694474,15555.276367187498,10289.894748263885,10113.724256727428,27004.274739583318,32098.987955729146,25914.465115017363,10718.875651041666,16720.154568142367,24499.959960937515,11864.351779513894,9409.557291666664,12705.696126302082,17396.011555989582,10055.387261284719,15055.812608506943,13557.257649739575,12338.182942708354,34397.74717881943,10620.16834852431,6598.0858018663175,12840.802680121531,20092.17361111112,9831.342339409724,17830.996853298617,17101.478895399312,9093.809136284717,12044.151258680557,16598.224555121513,25450.93739149306,34259.81716579853,12171.34868706597,33359.35286458336,9574.982530381949,34686.26866319444,20933.593641493022,16148.501898871513,12406.956488715277,17934.16221788194,33910.35243055557,15453.27479383681,26653.355143229204,9311.891465928818,16875.46397569445
20,24324.956705729164,22483.190863715277,31596.078667534708,9709.74457465278,13338.142523871533,33994.93033854162,13188.675672743051,7603.973225911463,10302.335449218757,12322.366536458338,34738.19574652779,9368.84388563368,13288.194932725692,25672.429144965277,16855.701605902792,24989.67328559026,17178.517849392374,17053.211100260403,9650.07785373264,34424.321831597226,13268.76106770834,22322.85698784717,16056.784125434022,10359.21907552084,25428.97493489583,12509.7548828125,17948.591688368066,35572.860243055555,10369.875488281246,18052.870334201405,9788.134711371527,10387.917751736111,16727.067545572907,12884.153211805555,14091.398491753467,35616.03862847223,17135.031629774305,15480.984700520832,17157.71880425348,32004.602105034734,8465.476616753476,12899.891493055555,13019.405056423608,17960.060329861113,16312.296983506936,13491.18196614583,9388.021864149307,8004.666476779517,8348.697347005205,13549.597005208325,10697.591362847219,33631.94737413195,12535.278374565974,7783.472412109371,17273.17003038194,32757.30826822918,35321.02756076392,15565.852430555551,10373.39143880208,10029.339925130205,26914.862304687485,32034.295030381923,25991.977918836805,10569.011230468748,16689.73909505209,24576.36610243057,11936.047851562504,9405.459418402776,12672.91509331597,17471.817111545137,10097.15608723958,15091.703721788193,13549.597005208325,12344.323025173633,34168.990017361095,10669.544487847226,6520.830810546873,12823.997829861115,20103.029188368066,9758.618001302086,17835.230577256953,17056.59402126737,9161.807454427078,12076.073567708334,16631.680501302068,25390.825195312504,34243.57128906241,12152.408691406248,33460.89040798614,9615.285319010422,34636.72656249999,20920.009223090245,16099.91856553818,12400.459255642361,17906.318684895832,33835.088324652796,15465.698187934033,26648.426215277817,9356.686604817707,16865.177951388894
21,24215.201822916664,22511.43923611111,31534.52745225693,9684.961317274307,13338.86463758681,33950.74240451384,13183.888997395828,7563.066596137158,10312.999348958341,12426.752007378476,34687.62065972223,9433.45548502604,13278.497016059026,25606.830946180555,16826.788302951405,25032.453233506923,17100.225151909734,17067.190917968735,9523.400716145834,34379.52322048612,13263.437662760422,22322.954318576336,16055.994737413188,10415.43636067709,25343.421549479164,12580.97162543403,17963.809353298624,35598.01584201389,10381.090494791662,18064.014105902796,9660.32085503472,10465.828287760418,16738.289008246516,12953.609375,14124.088487413188,35654.97743055556,17137.28152126736,15497.60308159722,17107.400553385425,31885.175347222237,8401.921603732642,12871.494845920139,13019.011176215274,17969.945095486113,16321.81976996527,13491.141872829858,9303.465223524307,7926.772569444448,8364.09847005208,13541.936360677075,10679.064181857635,33853.99511718751,12609.241536458336,7766.991807725691,17295.46831597222,32639.665039062515,35363.350694444474,15577.394748263883,10447.801974826385,9973.74943033854,26851.707682291653,31969.6021050347,26100.80343967014,10443.021809895832,16659.323621961812,24671.64735243057,11989.042751736113,9379.601508246526,12625.062988281248,17535.039984809027,10136.202745225692,15086.588704427082,13541.936360677075,12350.463107638912,33948.80121527777,10711.115017361115,6436.228597005207,12807.190700954865,20113.88476562501,9712.123589409724,17831.552083333343,17033.046712239593,9237.623535156246,12117.335774739584,16686.555013020818,25330.71299913195,34220.13530815964,12158.326605902776,33562.42795138892,9685.219835069449,34578.08550347222,20903.376953124964,16044.560167100683,12393.664279513889,17905.03298611111,33759.82421875002,15478.121582031257,26643.49728732643,9417.407090928818,16861.074001736117
22,24111.020182291664,22552.265842013887,31461.609592013872,9677.897406684027,13341.214572482644,33902.25607638884,13179.102322048606,7522.159966362852,10334.43657769098,12525.455295138892,34627.74891493057,9483.563123914928,13273.086425781248,25535.624565972223,16797.87500000002,25075.233181423588,17049.427354600706,17083.361816406235,9392.484103732639,34326.54340277778,13258.114257812504,22323.0516493055,16055.205349392354,10466.937011718755,25242.04893663194,12652.188368055558,17979.027018229182,35623.171440972226,10385.449869791662,18075.157877604186,9540.602539062498,10535.808268229168,16749.510470920126,13023.065538194445,14156.778483072909,35690.41796875001,17134.37917751736,15508.000868055555,17104.714572482648,31821.73524305557,8322.304931640629,12867.6298828125,13018.61729600694,17979.829861111113,16318.30316840277,13491.101779513885,9248.029568142363,7839.774224175351,8370.81241861979,13534.275716145825,10661.496473524303,34041.397243923624,12654.854329427086,7783.948432074649,17317.766601562496,32457.863389756963,35405.33224826392,15588.937065972215,10510.092013888885,9943.171685112846,26811.252170138876,31904.909179687475,26198.04074435764,10357.976291232637,16636.539279513898,24761.25672743057,12026.640407986113,9331.397623697914,12566.08474392361,17570.49343532986,10170.64046223958,15052.376953124998,13534.275716145825,12356.603190104192,33755.60416666666,10746.027180989586,6356.4869249131925,12790.383572048615,20124.740342881956,9697.184244791668,17827.09743923612,17025.450032552093,9304.632378472217,12162.254123263889,16754.565375434013,25270.600802951394,34196.699327256865,12177.117784288192,33663.9654947917,9761.587022569449,34519.444444444445,20891.055230034686,15983.72781032985,12390.701009114582,17925.02625868055,33684.56011284725,15490.54497612848,26638.568359375044,9485.58753797743,16863.04448784723
23,24018.635742187496,22609.377387152777,31385.172309027763,9697.507432725693,13343.564507378478,33852.103081597175,13175.344563802077,7481.2533365885465,10368.548285590285,12599.418457031254,34567.877170138905,9512.757568359373,13266.078613281248,25463.80197482639,16768.96169704863,25118.013129340252,17045.31070963543,17099.532714843735,9275.483018663193,34273.88736979167,13252.790852864586,22323.148980034664,16054.41596137152,10510.430392795144,25113.67957899305,12722.031250000002,17994.24468315974,35656.856987847226,10388.791015624996,18086.301649305577,9422.438096788193,10595.221082899308,16755.68419053818,13090.198893229168,14189.46847873263,35725.85850694445,17116.95751953125,15514.980360243053,17145.23052300348,31766.681315104182,8237.86770290799,12871.80327690972,13018.223415798606,17989.714626736113,16306.469889322909,13491.061686197912,9234.878960503474,7772.92532009549,8358.61027018229,13526.615071614575,10647.287597656248,34158.97081163196,12671.720974392363,7826.194010416662,17340.064887152774,32256.821614583354,35456.286458333365,15600.479383680547,10557.140407986108,9938.555528428818,26796.796115451376,31840.21625434025,26247.405110677086,10323.555609809026,16619.959852430566,24836.13682725696,12061.680338541668,9279.588053385414,12504.01595052083,17575.507215711805,10202.794325086803,15007.231282552082,13526.615071614575,12362.74327256947,33607.52929687499,10769.534993489586,6287.7785915798595,12773.576443142365,20135.5959201389,9716.768663194447,17826.04557291668,17035.234429253484,9359.344997829856,12198.398491753473,16811.296929253458,25210.48860677084,34173.26334635409,12211.97954644097,33765.50303819448,9831.110894097226,34460.80338541667,20877.47081163191,15917.468749999987,12397.284450954861,17944.62673611111,33611.63802083336,15502.968370225704,26633.639431423657,9549.59632703993,16872.25325520834
24,23957.46961805555,22669.459635416668,31308.735026041653,9737.668565538193,13345.914442274312,33817.214626736066,13171.586805555547,7440.346706814241,10406.253797743062,12645.031250000004,34508.00542534724,9520.182535807291,13254.323513454858,25395.585394965277,16740.048394097244,25160.793077256916,17089.54172092015,17115.703613281235,9184.251356336803,34229.08875868056,13247.467447916668,22323.24631076383,16053.626573350686,10534.54036458334,24972.348415798606,12791.874131944445,18006.97395833335,35695.7892795139,10392.858235677078,18097.445421006967,9298.518663194443,10636.233344184031,16757.155219184013,13151.322753906252,14222.15847439235,35761.2990451389,17094.352593315973,15527.403754340277,17215.293457031257,31677.743489583347,8171.018798828129,12875.951117621526,13017.829535590272,17999.599392361113,16281.99484592013,13491.02159288194,9263.968370225697,7738.583116319448,8323.589246961803,13522.820529513881,10638.647677951387,34234.00206163196,12672.818739149308,7877.9378797743,17362.36317274305,32071.15190972224,35498.60959201392,15612.02170138888,10588.347059461803,9961.758816189236,26784.218424479153,31775.523328993022,26301.226833767363,10335.99175347222,16610.51605902779,24894.065863715292,12096.720269097223,9238.609103732637,12442.950466579858,17564.61745876736,10228.646538628469,14953.665635850692,13522.820529513881,12368.88335503475,33538.9294704861,10783.965603298613,6221.3291286892345,12756.769314236115,20146.451497395847,9765.092556423613,17827.6681857639,17040.04541015626,9396.38492838541,12215.557942708334,16837.62581380207,25160.396375868062,34143.31391059021,12264.311252170139,33865.81553819448,9884.26969401042,34402.1623263889,20865.14908854163,15851.46522352429,12411.352267795139,17959.868815104164,33538.71592881947,15515.391764322927,26628.71050347227,9595.60999891493,16879.941948784726
25,23930.034722222215,22729.54188368056,31232.297743055547,9799.909722222223,13348.264377170146,33792.960937499956,13167.829047309018,7399.440077039934,10445.303222656257,12660.611870659726,34448.13368055558,9512.244167751734,13241.786729600692,25327.368815104164,16711.135091145858,25212.14594184025,17155.12179904515,17131.874511718735,9117.336317274303,34182.397786458336,13242.14404296875,22323.343641492993,16052.837185329852,10541.060926649312,24825.71223958333,12861.613661024307,18022.19162326391,35745.044487847226,10396.819281684022,18108.589192708358,9179.512532552082,10654.307671440976,16757.456217447903,13190.073784722223,14247.796223958321,35796.73958333334,17071.747667100695,15538.946072048611,17303.850857204867,31556.058376736124,8135.725477430559,12878.57893880208,13017.435655381938,18005.985785590277,16245.553222656237,13490.981499565967,9343.480088975697,7734.335449218755,8275.55704752604,13522.397081163186,10636.407769097219,34251.905707465296,12667.559353298615,7895.817274305551,17384.66145833333,31938.42578125002,35537.43446180559,15620.695095486102,10605.256998697914,10006.364284939236,26771.64073350693,31710.8304036458,26368.966851128476,10393.492296006943,16615.509928385425,24949.1330295139,12131.760199652777,9216.330186631942,12381.884982638885,17563.604329427082,10249.93532986111,14904.404459635414,13522.397081163186,12375.02343750003,33535.53363715277,10799.398980034724,6154.8796657986095,12739.962185329865,20157.307074652792,9832.461914062502,17829.290798611124,17035.294759114593,9411.453830295133,12211.660210503473,16840.232367621516,25126.543619791675,34101.98795572909,12345.564615885416,33979.64756944448,9922.809624565974,34343.521267361124,20856.02191840274,15785.206163194429,12424.044487847223,17971.318576388887,33467.922526041686,15527.81515842015,26623.781575520883,9624.656114366318,16884.54459635417
26,23936.987087673606,22786.70355902778,31155.86046006944,9872.293023003473,13350.61431206598,33769.476128472175,13164.071289062489,7358.533447265629,10485.275987413203,12656.377441406255,34388.26193576391,9488.975179036457,13235.856065538192,25259.15223524305,16682.22178819447,25277.417100694416,17210.83338758682,17148.045410156235,9087.778428819442,34129.41037326389,13236.820638020832,22323.440972222157,16052.047797309018,10532.631293402783,24688.57552083333,12931.069824218752,18034.92089843752,35799.99001736112,10400.780327690965,18119.732964409748,9071.627549913193,10647.450412326392,16755.373860677068,13193.533203125002,14267.970648871515,35832.18012152779,17049.142740885418,15551.369466145836,17402.84488932292,31400.769639756956,8112.032796223962,12881.206759982635,13017.041775173604,18002.177191840277,16199.068250868044,13490.941406249995,9475.16059027778,7755.3243001302135,8210.583658854164,13521.97363281249,10641.70784505208,34223.806315104186,12656.543240017365,7891.030626085065,17406.959743923606,31876.93847656252,35580.66927083337,15629.847981770825,10609.470377604164,10065.631971571182,26759.063042534708,31634.770833333296,26453.38959418403,10487.392252604166,16632.946451822925,25009.490342881956,12166.800130208332,9234.596245659719,12315.576171874996,17578.04519314236,10267.26638454861,14875.183322482637,13521.97363281249,12381.163519965308,33578.09526909721,10820.009657118058,6088.4302029079845,12723.155056423615,20168.162651909737,9909.374620225697,17830.913411458347,17014.148057725706,9407.355957031245,12189.09906684028,16827.24831814235,25108.97298177084,34055.62098524298,12449.950086805555,34106.49739583337,9941.354600694447,34284.88020833335,20846.89474826385,15715.773220486097,12438.1123046875,17981.203342013887,33402.439887152796,15539.357476128482,26618.852647569496,9633.800537109375,16880.756618923617
27,23978.783203124993,22841.35188802084,31079.423177083336,9944.516276041666,13352.964246961814,33737.23025173606,13160.31353081596,7321.021294487851,10525.794270833341,12644.809136284728,34328.39019097225,9464.30292426215,13231.069390190969,25185.365559895832,16653.354654947943,25346.610568576358,17229.948296440987,17164.216308593735,9095.68777126736,34076.75434027778,13231.497233072914,22323.53830295132,16051.258409288184,10506.300238715283,24582.78385416666,13000.525987413197,18050.138563368077,35846.01888020834,10404.741373697909,18130.87673611114,8985.683702256943,10621.917588975697,16748.148274739568,13170.552625868058,14285.246148003458,35867.62065972223,17026.53781467014,15562.911783854172,17500.406629774312,31259.4836154514,8084.981797960073,12883.83458116319,13016.64789496527,17989.729709201387,16146.50314670138,13490.901312934022,9636.09396701389,7779.126491970491,8132.847547743053,13521.550184461796,10648.244574652774,34154.76443142363,12639.249945746533,7887.439398871523,17429.258029513883,31838.008680555573,35619.494140625044,15641.39029947916,10610.751519097219,10129.305853949654,26746.485351562485,31555.191840277745,26556.99788411459,10597.425618489582,16652.16411675348,25075.5783420139,12201.840060763887,9291.32747395833,12237.576226128469,17611.35139973958,10281.279785156248,14899.035047743051,13521.550184461796,12387.303602430587,33665.89887152777,10847.797471788197,6021.9807400173595,12706.347927517365,20179.018229166682,9984.749565972224,17832.53602430557,16984.578721788206,9386.759114583327,12146.426323784723,16800.945475260407,25112.067925347226,34003.28895399298,12554.754503038193,34266.41189236115,9947.314073350697,34226.23914930558,20837.76757812496,15649.378092447903,12450.804524739584,17991.088107638887,33338.62608506947,15551.780870225706,26613.92371961811,9622.193820529514,16863.958767361117
28,24072.671115451383,22891.646267361117,31002.985894097226,10016.012315538193,13355.314181857648,33704.98437499994,13156.55577256943,7283.509141710074,10566.31255425348,12627.515842013896,34268.518446180584,9451.884575737844,13226.282714843746,25105.984375,16632.072482638916,25401.23003472219,17190.413791232655,17180.387207031235,9148.278917100692,34024.09830729167,13226.173828124996,22323.635633680486,16050.46902126735,10467.712456597226,24497.722222222215,13067.596028645836,18062.867838541686,35886.1955295139,10408.702419704852,18142.02050781253,8911.949218749998,10579.217610677086,16738.093804253454,13125.33268229167,14302.521647135402,35903.06119791668,17008.281738281254,15574.454101562505,17575.220106336812,31187.1281467014,8047.067518446183,12887.22960069444,13016.254014756936,17964.939019097223,16095.10470920138,13490.86121961805,9805.691297743058,7796.462619357643,8059.519205729164,13521.1267361111,10654.275770399303,34073.112738715296,12617.142795138892,7894.0215657552035,17451.55631510416,31799.361002604182,35662.728949652825,15650.063693576381,10613.508246527776,10192.7786187066,26733.907660590263,31475.61284722219,26667.885145399312,10705.903428819443,16671.381781684035,25156.071289062515,12236.879991319442,9361.647949218746,12151.01350911458,17659.8304578993,10299.072591145832,14968.649468315969,13521.1267361111,12393.443684895867,33797.92274305555,10879.557454427088,5955.5312771267345,12686.523057725699,20189.873806423628,10057.417805989586,17834.158637152792,16950.86322699654,9351.960774739577,12072.861328125,16766.659450954852,25128.312825520836,33959.14572482632,12633.070529513889,34436.2469618056,9943.783420138892,34171.63020833336,20828.64040798607,15582.727430555542,12463.234537760418,18000.972873263887,33274.81228298614,15563.323187934042,26615.913628472277,9594.435411241318,16846.323242187504
29,24196.58333333333,22932.89908854167,30926.548611111117,10088.905598958332,13357.664116753482,33672.738498263825,13152.798014322902,7245.9969889322965,10606.830837673619,12604.721462673619,34208.64670138892,9458.070068359373,13221.496039496524,25028.175455729168,16619.02202690975,25463.01562499997,17109.581814236128,17196.558105468735,9224.09499782986,33971.44227430556,13220.850423177078,22323.73296440965,16049.679633246516,10410.000217013892,24431.233832465274,13134.460503472224,18075.597113715296,35932.195095486124,10412.663465711796,18153.16427951392,8857.200683593748,10517.178656684031,16728.87103949651,13063.25553385417,14319.797146267345,35938.501736111124,16997.053439670144,15585.996419270838,17607.300726996535,31200.00585937501,7992.843126085072,12891.377441406245,13015.860134548602,17934.135416666668,16045.059082031243,13490.821126302077,9956.212456597224,7796.992702907989,7999.659125434025,13520.703287760405,10660.306966145832,34005.73882378474,12592.31119791667,7913.564344618051,17473.854600694438,31720.64040798612,35701.553819444496,15659.216579861104,10619.409396701387,10254.741943359377,26721.490559895818,31396.033854166635,26748.956217447925,10791.94509548611,16687.673882378476,25232.851779513905,12271.919921874996,9425.752332899303,12060.969618055551,17706.198947482633,10325.21316189236,15066.498914930555,13520.703287760405,12399.583767361146,33949.33420138888,10915.14518229167,5889.0818142361095,12664.821506076394,20200.729383680573,10130.833279079863,17835.781250000015,16923.70893012154,9329.681857638881,11974.828559027777,16736.397840711794,25168.286892361113,33932.90961371521,12677.257758246527,34586.55381944449,9941.018283420142,34125.79383680558,20819.51323784718,15515.850585937485,12475.664550781252,18007.35926649305,33210.95052083336,15574.865505642376,26633.568576388945,9560.347683376736,16836.03721788195
30,24315.56510416666,22972.444661458336,30859.762369791668,10160.11941189236,13360.014051649316,33640.49262152771,13149.040256076372,7208.484836154519,10645.249186197925,12579.889865451396,34149.054036458365,9472.034532335067,13216.709364149301,24950.366536458336,16616.6992730035,25517.635091145803,17008.295193142378,17212.729003906235,9289.00835503472,33918.78624131945,13215.52701822916,22323.830295138814,16048.890245225683,10351.664496527781,24400.10112847222,13195.584364149308,18088.326388888905,35996.042751736124,10416.624511718739,18164.30805121531,8815.651692708332,10438.316894531254,16718.816569010396,12984.040635850697,14337.072645399288,35973.94227430557,16996.72846137153,15597.53873697917,17603.163465711816,31259.304253472234,7918.690294053821,12894.0052625868,13015.466254340268,17907.887369791668,15989.700683593743,13490.781032986104,10067.81027560764,7760.088921440975,7956.728569878469,13520.27983940971,10666.338161892361,33953.471679687515,12569.865722656252,7940.78491210937,17496.152886284715,31625.60970052084,35744.78862847228,15667.889973958327,10628.245605468748,10312.213731553822,26709.073459201372,31316.45486111108,26827.06722005209,10854.146213107639,16699.748101128476,25288.912977430573,12306.959852430551,9472.291124131942,11986.897406684022,17737.059082031246,10359.324869791664,15168.09060329861,13520.27983940971,12405.723849826425,34090.76497395833,10950.732910156252,5822.6323513454845,12643.11995442709,20211.58496093752,10204.528211805557,17837.403862847237,16905.45285373265,9344.97406684027,11880.264105902777,16710.41411675346,25223.332682291668,33902.960177951325,12689.810004340277,34705.291232638934,9941.52870008681,34079.957465277796,20810.38606770829,15448.718207465265,12488.249620225695,18003.55067274305,33152.62760416669,15586.407823350708,26679.236545138945,9548.203803168402,16831.93326822917
31,24408.96126302083,23011.990234375,30792.976128472223,10223.792154947916,13362.36398654515,33608.24674479159,13145.282497829843,7170.972683376742,10675.820800781257,12557.444390190978,34097.74804687503,9483.086724175344,13211.922688802078,24864.226562500004,16631.199652777806,25579.141167534694,16913.311306423628,17228.899902343735,9330.32107204861,33866.13020833334,13210.203613281243,22323.92762586798,16048.100857204849,10300.294379340281,24415.260416666664,13234.33539496528,18101.055664062515,36070.033637152796,10420.585557725683,18175.4518229167,8786.694986979166,10343.106499565974,16709.59380425345,12899.420247395836,14354.348144531232,36009.382812500015,17003.362792968754,15609.081054687504,17573.799858940984,31322.082139756956,7834.484212239587,12897.40028211805,13015.072374131934,17893.582682291668,15923.44162326388,13490.740939670131,10137.046495225697,7699.4167209201405,7923.032009548608,13519.856391059015,10672.36935763889,33894.75596788196,12549.951280381947,7968.005479600689,17526.774956597215,31507.729600694445,35783.61349826395,15674.173936631938,10640.354003906248,10362.978759765629,26696.656358506927,31245.394205729135,26905.178222656254,10887.879069010416,16712.48963758681,25332.97688802085,12341.999782986106,9499.017198350692,11933.317328559022,17751.107910156246,10397.030381944442,15252.026258680553,13519.856391059015,12411.863932291704,34210.11219618055,10988.55560980903,5756.1828884548595,12621.418402777785,20222.440538194463,10273.030924479168,17839.02647569446,16892.997341579874,9394.218641493047,11821.497395833332,16687.583604600684,25275.917209201387,33861.63422309021,12681.488932291666,34782.304687500044,9954.019802517367,34034.121093750015,20801.258897569398,15383.774197048599,12500.834689670139,17991.10319010416,33088.74631076391,15597.95014105904,26739.39746093756,9557.431504991318,16833.903754340285
32,24475.740668402774,23050.35362413194,30726.189887152777,10279.328884548611,13364.713921440984,33576.000868055475,13141.524739583314,7133.460530598964,10692.7125108507,12537.529947916673,34053.26171875003,9485.311659071178,13207.136013454856,24766.487304687504,16653.99565972225,25658.98632812497,16837.72905815974,17245.070800781235,9352.16775173611,33813.47417534723,13204.880208333325,22324.024956597143,16047.311469184015,10255.419867621531,24473.83604600694,13237.163682725695,18113.784939236124,36144.02452256947,10424.546603732626,18186.59559461809,8777.317274305555,10232.390462239586,16704.755479600673,12812.562608506947,14371.623643663175,36044.82335069446,17001.82655164931,15617.754448784728,17518.68484157987,31378.547743055566,7767.299750434031,12901.548122829854,13014.6784939236,17895.509114583332,15857.438096788186,13490.700846354159,10163.521430121531,7625.3528374565985,7881.53491210937,13519.43294270832,10678.40055338542,33834.11490885418,12532.682400173615,7995.226047092008,17564.16937934027,31354.423719618055,35826.84830729173,15680.361762152772,10657.54909939236,10413.849853515629,26684.23925781248,31178.607964409686,26983.289225260418,10891.083604600693,16724.56385633681,25367.88867187502,12377.03971354166,9506.44216579861,11922.682942708328,17758.34044053819,10436.079806857637,15301.704644097219,13519.43294270832,12418.004014756983,34301.00434027777,11028.263292100695,5692.693413628471,12599.71685112848,20233.29611545141,10332.069824218752,17840.649088541682,16880.28846571182,9462.954698350686,11813.979112413193,16664.753092447907,25330.96299913194,33812.86121961799,12661.573947482637,34816.11501736115,9978.006401909728,33988.28472222223,20792.131727430507,15328.386881510402,12513.419759114582,17963.996853298606,33009.90104166669,15609.492458767374,26791.23773871534,9587.207058376734,16840.343641493062
33,24517.300781249996,23082.71690538194,30659.403645833332,10325.110080295139,13367.063856336817,33543.75499131936,13137.766981336785,7095.948377821187,10702.773600260423,12520.261067708341,34008.77539062503,9485.523247612844,13202.349338107633,24663.85633680556,16673.420572916693,25741.441948784694,16813.686360677104,17261.241699218735,9354.197102864582,33772.84765625001,13199.556803385407,22324.122287326307,16046.52208116318,10217.122612847226,24556.67317708333,13218.081434461807,18126.514214409734,36218.01540798614,10428.989908854153,18197.73936631948,8792.486599392361,10116.769965277781,16714.68874782984,12726.98160807292,14388.899142795119,36080.263888888905,16981.789876302086,15626.90733506945,17455.14773220487,31435.01334635418,7726.00309244792,12905.30262586805,13014.284613715266,17912.67068142361,15791.179036458327,13490.660753038186,10148.639160156254,7561.998942057294,7820.862711588536,13519.009494357624,10683.49115668403,33773.4738498264,12522.08805338542,8022.446614583328,17599.312065972215,31228.0576171875,35871.089843750065,15689.514648437495,10678.930881076387,10468.232611762156,26671.822157118037,31111.82172309024,27061.400227864582,10860.717990451387,16737.30539279514,25394.077039930573,12412.079644097215,9495.726616753469,11947.22471788194,17766.178548177082,10476.052571614582,15306.322970920135,13519.009494357624,12424.144097222263,34356.046657986095,11067.918185763889,5626.243950737846,12578.015299479175,20244.151692708354,10383.892089843752,17842.271701388905,16865.956325954874,9536.03021918402,11847.445746527777,16641.92258029513,25383.54752604166,33764.4195963541,12634.10454644097,34817.758246527825,10008.238552517367,33942.44835069445,20783.004557291617,15268.086154513874,12526.004828559026,17924.607638888883,32928.57031250002,15618.165852864595,26825.815104166726,9631.376057942707,16848.03233506945
34,24551.991970486106,23108.542317708332,30592.617404513883,10352.139539930555,13369.413791232651,33511.50911458324,13134.009223090256,7058.43622504341,10719.486979166673,12509.666720920146,33964.28906250003,9487.047119140621,13197.56266276041,24575.514214409723,16688.121527777806,25812.38932291664,16842.890299479186,17277.412597656235,9349.286458333332,33746.6115451389,13194.233398437489,22324.21961805547,16046.08940972221,10190.940972222226,24644.73546006944,13182.447048611111,18139.243489583343,36292.00629340281,10434.753200954849,18208.883138020872,8833.144911024305,10003.567816840281,16730.85519748262,12641.400607638892,14406.174641927062,36115.70442708335,16958.31049262153,15638.449652777786,17391.61062282987,31491.47894965279,7697.285997178822,12910.996039496522,13013.890733506933,17934.75954861111,15721.746093749995,13490.620659722214,10103.897460937504,7520.7022840711825,7746.798828124995,13518.586046006929,10688.781792534724,33712.83279079862,12519.278157552088,8049.667182074647,17632.41037326388,31183.263129340274,35922.04405381951,15698.188042534715,10704.383680555553,10529.597140842017,26659.40505642359,31045.035481770796,27139.511230468746,10794.863009982637,16749.37961154514,25403.72612847224,12447.11957465277,9463.609863281246,12000.274142795133,17776.922254774305,10516.57085503472,15281.444064670135,13518.586046006929,12430.284179687542,34372.15863715276,11107.573079427082,5562.754475911457,12557.824815538203,20255.0072699653,10429.707085503474,17843.894314236128,16851.62418619793,9602.842393663186,11913.830674913195,16619.092068142352,25429.224826388883,33727.35210503465,12606.006293402777,34803.50260416671,10039.000162760422,33896.61197916667,20773.877387152726,15195.854926215261,12538.589898003469,17881.97981770833,32847.23958333335,15627.318739149317,26871.483072916726,9683.767659505207,16852.49717881945
35,24586.683159722215,23142.121636284723,30525.831163194438,10360.294108072916,13371.763726128485,33479.263237847124,13130.251464843726,7020.924072265632,10748.30376519098,12507.57573784723,33919.80273437503,9488.570990668399,13192.775987413188,24496.624782986113,16698.076822916697,25869.10980902775,16904.36968315974,17293.583496093735,9344.375813802082,33723.12673611112,13188.909993489571,22324.316948784635,16045.300021701376,10175.018174913199,24719.177083333332,13127.258138020834,18146.41384548612,36365.99717881948,10440.516493055544,18220.026909722263,8901.143229166666,9895.410698784724,16741.256673177064,12556.589084201392,14423.450141059006,36151.144965277796,16940.054416232644,15647.123046875007,17335.46120876737,31547.944552951398,7674.012776692711,12916.659993489577,13013.496853298599,17951.928385416664,15655.350965711801,13490.58056640624,10039.72574869792,7487.005723741321,7679.456570095481,13518.162597656234,10694.07242838542,33653.35492621529,12527.98990885417,8076.887749565966,17669.804796006934,31166.070421006938,35965.27886284729,15704.472005208325,10730.987033420135,10595.6838921441,26646.987955729146,30978.24924045135,27217.62223307291,10704.671386718748,16762.121148003473,25395.66232638891,12482.159505208325,9419.651529947912,12087.9525282118,17791.42214626736,10557.08913845486,15245.96175130208,13518.162597656234,12436.424262152821,34365.70399305554,11149.50124782986,5496.305013020832,12542.583224826398,20265.862847222244,10473.922688802086,17845.51692708335,16837.292046440984,9652.825575086797,12006.960666232639,16599.747667100684,25471.141167534715,33701.115993923544,12582.630262586807,34771.67947048615,10067.43348524306,33850.77560763889,20764.750217013836,15110.935980902763,12551.174967447912,17846.61577690972,32765.908854166682,15638.86105685765,26925.518446180617,9737.778076171873,16848.709201388894
