Derivative_0,Derivative_1,Derivative_2,Derivative_3,Derivative_4
28.654666709899903,0.1873666678534614,-0.005200000339084217,-0.0012555546230739623,-0.00033333672417548146
28.902333386739095,0.18216666751437718,-0.006455554962158179,-0.0015888913472494437,0.0018888939751520912
29.016333389282227,0.175711112552219,-0.008044446309407623,0.00030000262790264763,0.005222220950656364
29.12800006866455,0.16766666624281137,-0.007744443681504976,0.005522223578559012,-0.0038044484456380683
29.202333386739095,0.15992222256130642,-0.0022222201029459634,0.0017177751329209437,0.0004422251383465673
29.245000076293945,0.15770000245836044,-0.0005044449700250198,0.002160000271267511,-0.0004933336046009392
29.37433344523112,0.1571955574883354,0.0016555553012424914,0.001666666666666572,-0.0038555569118922032
29.539866765340168,0.15885111278957792,0.0033222219679090634,-0.0021888902452256312,0.003100005255804916
29.684200096130372,0.162173334757487,0.001133331722683432,0.000911115010579285,0.00023332807752846446
29.82553342183431,0.16330666648017042,0.002044446733262717,0.0011444430881077494,-0.004455555809868865
29.91653340657552,0.16535111321343313,0.0031888898213704663,-0.003311112721761115,0.0024444452921549955
30.09853343963623,0.1685400030348036,-0.0001222229003906487,-0.0008666674296061198,0.0022222264607748344
30.296200116475422,0.16841778013441294,-0.0009888903299967685,0.0013555590311687146,-0.0031888919406468357
30.434866778055827,0.16742888980441617,0.00036666870117194603,-0.001833332909478121,0.0035222180684407077
30.577866744995116,0.1677955585055881,-0.001466664208306175,0.0016888851589625868,-0.00014443927341017588
30.745866775512695,0.16632889429728195,0.00022222095065641174,0.0015444458855524109,-0.006922223832872376
30.86120014190674,0.16655111524793836,0.0017666668362088225,-0.005377777947319965,-0.00018888897365982872
31.004533449808758,0.1683177820841472,-0.0036111111111111426,-0.005566666920979794,0.009377780490451333
31.160533459981284,0.16470667097303604,-0.009177778032090937,0.0038111135694715395,-0.006288895077175501
31.21053345998128,0.1555288929409451,-0.005366664462619397,-0.0024777815077039614,-0.0016477733188204743
31.191533470153807,0.1501622284783257,-0.007844445970323358,-0.004125554826524436,-0.0015488878885907553
31.184533500671385,0.14231778250800234,-0.011970000796847794,-0.005674442715115191,0.006041111416287137
31.10520013173421,0.13034778171115455,-0.017644443511962985,0.00036666870117194603,0.002222213745117211
30.943433443705242,0.11270333819919157,-0.017277774810791038,0.0025888824462891574,0.0002888955010305949
30.730433464050293,0.09542556338840052,-0.014688892364501882,0.0028777779473197524,-0.004200000762939264
30.51610018412272,0.08073667102389864,-0.01181111441718213,-0.0013222228156195115,-0.0020555453830295297
30.3134334564209,0.06892555660671652,-0.013133337232801641,-0.003377768198649041,0.0019999843173555596
30.108766746520995,0.055792219373914875,-0.016511105431450682,-0.0013777838812934818,0.0029444503784181583
29.870100021362305,0.03928111394246419,-0.017888889312744165,0.0015666664971246765,0.005300000508625994
29.576766777038575,0.021392224629720027,-0.01632222281561949,0.006866667005750671,-0.004911111195881782
29.296433448791504,0.005070001814100541,-0.009455555809868817,0.001955555809868888,-0.0004333326551652306
29.05443344116211,-0.004385553995768276,-0.007499999999999929,0.0015222231547036577,0.00043333053588886133
28.88476676940918,-0.011885553995768206,-0.005977776845296271,0.001955553690592519,-0.0071666653951010535
28.771433448791505,-0.017863330841064475,-0.0040222231547037525,-0.005211111704508535,0.0033422258165149545
28.66643346150716,-0.02188555399576823,-0.009233334859212287,-0.0018688858879935802,0.0035044394599064313
28.588433456420898,-0.031118888854980518,-0.011102220747205868,0.0016355535719128512,-0.0019577746921113953
28.440766779581704,-0.042221109602186384,-0.009466667175293016,-0.000322221120198544,0.0028333324856228376
28.273233477274577,-0.0516877767774794,-0.00978888829549156,0.0025111113654242936,-0.007477779388427782
28.13356679280599,-0.06147666507297096,-0.007277776930067267,-0.004966668023003488,0.0023888905843100143
27.981233469645183,-0.06875444200303822,-0.012244444953070754,-0.0025777774386934738,0.005911110772026618
27.853900146484374,-0.08099888695610898,-0.014822222391764228,0.003333333333333144,-0.003088887532551728
27.66856683095296,-0.0958211093478732,-0.011488889058431085,0.00024444580078141577,-0.001622225443522396
27.421566836039226,-0.1073099984063043,-0.011244443257649669,-0.0013777796427409802,0.0046444447835286935
27.2155668258667,-0.11855444166395396,-0.012622222900390648,0.003266665140787713,-0.00368888431125202
27.021233495076498,-0.1311766645643446,-0.009355557759602935,-0.0004222191704643071,0.0016888851589624684
26.810566838582357,-0.14053222232394755,-0.009777776930067242,0.0012666659884981613,0.0034888903299971
26.645233472188313,-0.15030999925401478,-0.008511110941569082,0.004755556318495262,-0.0029000027974451113
26.495233472188314,-0.15882111019558387,-0.0037555546230738203,0.0018555535210501499,-0.000666664971245486
26.395900154113768,-0.16257666481865768,-0.0019000011020236702,0.0011888885498046637,0.00184444851345494
26.33323351542155,-0.16447666592068136,-0.0007111125522190065,0.003033337063259604,0.0002955500284829308
26.257233492533366,-0.16518777847290037,0.0023222245110405973,0.0033288870917425346,-0.0021688885158961096
26.228900146484374,-0.16286555396185978,0.005651111602783132,0.0011599985758464252,-0.0014044443766276042
26.219233512878418,-0.15721444235907664,0.006811110178629557,-0.0002444458007811789,-0.00013332790798633218
26.227000172932943,-0.15040333218044707,0.006566664377848378,-0.00037777370876751113,0.0014333279927574458
26.21833349863688,-0.1438366678025987,0.006188890669080867,0.0010555542839899346,0.00030000262790241074
26.20100015004476,-0.13764777713351783,0.007244444953070802,0.0013555569118923452,-0.00014445198906803586
26.184000142415364,-0.13040333218044703,0.008600001864963147,0.0012111049228243095,-0.0027222124735511483
26.196666781107584,-0.12180333031548389,0.009811106787787457,-0.0015111075507268387,0.0017777760823564155
26.216000111897788,-0.11199222352769643,0.008299999237060618,0.0002666685316295769,-0.0030555576748313956
26.217000071207682,-0.1036922242906358,0.008566667768690195,-0.002788889143201819,0.0012333318922250905
26.18566672007243,-0.09512555652194561,0.005777778625488376,-0.0015555572509767283,0.0006444464789499449
26.200666745503742,-0.08934777789645724,0.004222221374511647,-0.0009111107720267835,-0.00028888914320219784
26.20433343251546,-0.08512555652194559,0.0033111106024848644,-0.0011999999152289811,0.0035222223069933277
26.217666753133138,-0.08181444591946073,0.002111110687255883,0.0023222223917643467,-0.002848890092637883
26.21200008392334,-0.07970333523220484,0.00443333307902023,-0.0005266677008735362,-2.2188822428622264e-06
26.197333399454752,-0.07527000215318462,0.003906665378146694,-0.0005288865831163984,-0.00017667134602845637
26.182666714986166,-0.07136333677503792,0.003377778795030295,-0.0007055579291448548,-0.0003666644626194445
26.13233337402344,-0.06798555798000763,0.0026722208658854405,-0.0010722223917642992,0.005605555640326543
26.09400005340576,-0.06531333711412218,0.001599998474121141,0.004533333248562243,-0.0011222203572591146
26.021833356221517,-0.06371333864000105,0.006133331722683385,0.003411112891303129,-0.0057777786254882574
25.942499987284343,-0.05758000691731766,0.009544444613986514,-0.0023666657341851285,-0.0007111125522188881
25.941166623433432,-0.04803556230333115,0.007177778879801385,-0.0030777782864040166,0.005622221628824775
25.98049996693929,-0.04085778342352976,0.004100000593397368,0.0025444433424207584,-0.0060999976264104324
25.989833323160806,-0.036757782830132396,0.006644443935818127,-0.003555554283989674,0.0029333326551646147
25.918500010172526,-0.03011333889431427,0.0030888896518284524,-0.0006222216288250592,-0.0029444482591414337
25.90716667175293,-0.027024449242485815,0.0024666680230033934,-0.003566669887966493,0.002322224511040479
25.834499994913738,-0.024557781219482423,-0.0011000018649630998,-0.0012444453769260141,0.0016000048319498934
25.75850003560384,-0.02565778308444552,-0.0023444472418891137,0.00035555945502387944,-0.0015111160278319601
25.626166661580402,-0.028002230326334636,-0.0019888877868652344,-0.0011555565728080808,0.0013999981350366398
25.49316660563151,-0.02999111811319987,-0.003144444359673315,0.00024444156222855893,-0.0010699929131399463
25.35749994913737,-0.033135562472873185,-0.002900002797444756,-0.0008255513509113873,0.0034955490960015823
25.23483327229818,-0.03603556527031794,-0.0037255541483561436,0.002669997745090195,-0.0020144420199927756
25.13816655476888,-0.039761119418674086,-0.0010555564032659484,0.0006555557250974194,-0.0002777777777772883
25.03416659037272,-0.040816675821940034,-0.0004000006781685291,0.0003777779473201311,-0.0007222196790911776
24.99383322397868,-0.04121667650010856,-2.2222730848397987e-05,-0.0003444417317710465,-0.00014444986979142982
24.964499855041502,-0.04123889923095696,-0.0003666644626194445,-0.0004888916015624764,0.0021777831183540522
24.946833165486655,-0.0416055636935764,-0.0008555560641819208,0.001688891516791576,0.000333328247070123
24.948499870300292,-0.04246111975775833,0.0008333354526096552,0.002022219763861699,-0.004911109076605769
24.94216651916504,-0.04162778430514867,0.0028555552164713544,-0.0028888893127440697,0.003744445376925872
24.968166542053222,-0.038772229088677314,-3.33340962727154e-05,0.0008555560641818024,-0.002033333248562267
25.02249984741211,-0.03880556318495003,0.000822221967909087,-0.0011777771843804647,0.002466665903727261
25.03649984995524,-0.037983341217040945,-0.00035555521647137784,0.001288888719346796,-0.001011110941569034
25.064833196004233,-0.03833889643351232,0.0009333335028754182,0.000277777777777762,0.00022222306993278096
25.067499860127768,-0.037405562930636904,0.0012111112806531801,0.0005000008477105429,0.0024999978807236072
25.089833196004232,-0.03619445164998372,0.0017111121283637232,0.00299999872843415,-0.0029888873630097143
25.11149984995524,-0.03448333952162,0.004711110856797873,1.111136542443584e-05,0.00128889083862281
25.148166529337566,-0.02977222866482213,0.004722222222222309,0.0013000022040472459,-0.0015333366394043443
25.239166514078775,-0.025050006442599818,0.006022224426269555,-0.00023333443535709838,-0.004144443935817913
25.342499860127766,-0.019027782016330264,0.0057888899909124564,-0.0043777783711750114,0.0035888883802623894
25.45099989573161,-0.013238892025417807,0.0014111116197374448,-0.0007888899909126223,0.0018333350287546087
25.54533322652181,-0.011827780405680362,0.0006222216288248225,0.0010444450378419865,0.00359999974568647
25.58633321126302,-0.011205558776855539,0.0016666666666668088,0.004644444783528457,-0.007611111534966142
25.644333203633625,-0.009538892110188732,0.006311111450195265,-0.0029666667514376853,0.006522223154703729
25.703666559855144,-0.003227780659993466,0.00334444469875758,0.003555556403266043,-0.003333337571885764
25.821666590372722,0.00011666403876411379,0.006900001102023623,0.0002222188313802794,0.0017333412170408736
25.910666592915852,0.0070166651407877366,0.007122219933403903,0.001955560048421153,-0.0022444491916232324
26.04499994913737,0.01413888507419164,0.009077779981825055,-0.0002888891432020794,0.0010444429185657357
26.18266658782959,0.023216665056016696,0.008788890838622975,0.0007555537753636562,-0.002377774980333432
26.322666613260903,0.03200555589463967,0.009544444613986632,-0.001622221204969776,0.00026666641235379985
26.4533332824707,0.041550000508626304,0.007922223409016856,-0.001355554792615976,0.0027666621738009194
26.60399996439616,0.04947222391764316,0.00656666861640088,0.0014111073811849432,-0.006299993726942551
26.718999989827473,0.05603889253404404,0.007977775997585822,-0.004888886345757608,0.005027777353922976
26.8193333307902,0.06401666853162986,0.0030888896518282156,0.00013889100816536862,-0.0009111150105798771
26.954666646321616,0.06710555818345808,0.0032277806599935845,-0.0007722240024145084,-0.0004722234937875195
27.006999969482422,0.07033333884345166,0.002455556657579076,-0.001244447496202028,0.001722227732340187
27.074500020345052,0.07278889550103074,0.001211109161377048,0.0004777802361381589,-0.002511115603976677
27.130500030517577,0.07400000466240779,0.0016888893975152068,-0.002033335367838518,0.00012222713894303184
27.168500010172526,0.07568889405992299,-0.0003444459703233112,-0.0019111082288954862,0.0017222171359592882
27.212833340962728,0.07534444808959968,-0.002255554199218797,-0.0001888910929361979,0.00036666870117194603
27.228499984741212,0.07308889389038088,-0.0024444452921549955,0.00017777760823574815,0.000766667260063869
27.215166664123537,0.07064444859822588,-0.002266667683919247,0.0009444448682996172,-0.0012555567423500947
27.155833307902018,0.06837778091430664,-0.0013222228156196298,-0.0003111118740504774,-0.00011110729641394812
27.116166623433433,0.067055558098687,-0.0016333346896701072,-0.0004222191704644255,0.00016666200425892916
27.079166603088378,0.0654222234090169,-0.002055553860134533,-0.00025555716620549637,-0.0025333319769965594
27.05249989827474,0.06336666954888237,-0.0023111110263400294,-0.002788889143202056,0.0012555546230739623
27.01249993642171,0.06105555852254234,-0.005100000169542085,-0.0015333345201280935,0.003050000932481585
26.979833285013836,0.055955558353000256,-0.006633334689670178,0.001516666412353492,0.00020000245836063375
26.917833264668783,0.04932222366333008,-0.0051166682773166865,0.0017166688707141258,0.0009944428337941957
26.82216657002767,0.04420555538601339,-0.0033999994066025606,0.0027111117045083215,-0.002588890923393805
26.77716655731201,0.04080555597941083,-0.0006888877020942393,0.00012222078111451634,0.00036666658189534
26.769499905904134,0.040116668277316594,-0.000566666920979723,0.0004888873630098564,-0.002166665395100746
26.78983325958252,0.03955000135633687,-7.777955796986666e-05,-0.0016777780320908894,0.002477779388427711
26.83083324432373,0.039472221798367,-0.001755557590060756,0.0008000013563368213,-0.0030222235785591542
26.887833213806154,0.037716664208306244,-0.0009555562337239346,-0.002222222222222333,0.002411113315158649
26.95316651662191,0.03676110797458231,-0.0031777784559462673,0.00018889109293631634,-0.00022222730848540096
27.01349983215332,0.033583329518636046,-0.002988887363009951,-3.333621554908461e-05,-0.000277773539225142
27.05249983469645,0.03059444215562609,-0.003022223578559036,-0.00031110975477422663,0.00024444156222844053
27.100499852498373,0.027572218577067056,-0.0033333333333332624,-6.666819254578608e-05,0.0019333351982968594
27.149833170572915,0.024238885243733795,-0.0034000015258790484,0.0018666670057510733,-0.0024888865152997634
27.180499839782716,0.020838883717854747,-0.001533334520127975,-0.00062221950954869,-0.0024466705322264914
27.2291664759318,0.01930554919772677,-0.0021555540296766653,-0.0030688900417751813,0.007482223510742259
27.298166465759277,0.017149995168050106,-0.005224444071451847,0.004413333468967077,-0.005246668921576732
27.333833185831704,0.01192555109659826,-0.0008111106024847695,-0.0008333354526096552,0.0014222272237143822
27.312433179219564,0.011114440494113491,-0.0016444460550944248,0.000588891771104727,-0.00041111416286921575
27.340433184305827,0.009469994439019065,-0.0010555542839896976,0.0001777776082355113,0.0006888877020943577
27.358599853515624,0.008414440155029368,-0.0008777766757541865,0.000866665310329869,0.0013166703118218475
27.38293323516846,0.007536663479275182,-1.1111365424317417e-05,0.0021833356221517162,-0.0001888932122124487
27.39459991455078,0.007525552113850864,0.002172224256727399,0.0019944424099392678,0.0021277809143067355
27.438599904378254,0.009697776370578262,0.004166666666666667,0.004122223324246003,-0.005900001525879261
27.51943327585856,0.01386444303724493,0.00828888999091267,-0.0017777782016332585,0.0009777789645729247
27.631099955240884,0.0221533330281576,0.006511111789279411,-0.0007999992370603337,1.1111365423843722e-05
27.820433298746746,0.02866444481743701,0.005711112552219078,-0.00078888787163649,0.002466661665174996
27.976099967956543,0.03437555736965609,0.004922224680582588,0.0016777737935385062,-0.0017666625976563211
28.11043332417806,0.03929778205023868,0.006599998474121094,-8.888880411781486e-05,0.0015111139085557093
28.2314333597819,0.04589778052435977,0.006511109670003279,0.0014222251044378946,0.000755551656087287
28.389433352152505,0.052408890194363046,0.007933334774441173,0.0021777767605251817,-0.0051333321465385495
28.552099990844727,0.060342224968804224,0.010111111534966355,-0.002955555386013368,0.0008444425794811157
28.72810001373291,0.07045333650377057,0.007155556148952987,-0.002111112806532252,0.0025111113654245304
28.935766665140786,0.07760889265272357,0.005044443342420735,0.0003999985588922783,-0.00024443944295278187
29.105433336893718,0.0826533359951443,0.005444441901313013,0.00015555911593949644,0.0013444413079158816
29.249099985758463,0.08809777789645731,0.00560000101725251,0.0015000004238553781,-0.0027333323160809424
29.432766596476238,0.09369777891370983,0.007100001441107887,-0.0012333318922255643,-0.0013555590311684776
29.641766611735026,0.1007977803548177,0.005866669548882323,-0.002588890923394042,0.003966668446858771
29.911766624450685,0.10666444990370003,0.0032777786254882812,0.0013777775234647294,-0.002166669633653721
30.15310001373291,0.10994222852918831,0.0046555561489530104,-0.0007888921101889915,0.0010888947380917576
30.31176668802897,0.11459778467814133,0.003866664038764019,0.00030000262790276603,0.0011111089918344418
30.49043337504069,0.11846444871690534,0.0041666666666667854,0.001411111619737208,-0.0027999983893496486
30.654433314005534,0.12263111538357213,0.005577778286403993,-0.0013888867696124408,-0.00045556174384261776
30.82876663208008,0.12820889366997612,0.004188891516791552,-0.0018444485134550585,0.0032000011867950205
31.026766649882,0.13239778518676767,0.0023444430033364937,0.0013555526733399622,0.0006044514973956675
31.201100031534832,0.13474222819010417,0.003699995676676456,0.0019600041707356296,-0.003608892228868162
31.3404333114624,0.13844222386678062,0.005659999847412086,-0.0016488880581325323,0.0008877754211424597
31.487099901835123,0.1441022237141927,0.0040111117892795535,-0.0007611126369900727,-0.0008555560641818024
31.635499890645345,0.14811333550347225,0.003249999152289481,-0.001616668701171875,0.0011944474114311987
31.783833249409994,0.15136333465576174,0.0016333304511176058,-0.0004222212897406763,-0.0006444422403969696
31.899499893188477,0.15299666510687934,0.0012111091613769295,-0.0010666635301376458,0.00013332790798562162
31.97283318837484,0.15420777426825627,0.00014444563123928352,-0.0009333356221520243,-0.0013888867696120854
32.02083314259847,0.15435221989949557,-0.0007888899909127407,-0.00232222239176411,-0.001322220696343616
32.06916650136312,0.15356332990858282,-0.0031111123826768504,-0.003644443088107726,0.004877774980333409
32.126333173116045,0.15045221752590596,-0.006755555470784576,0.0012333318922256827,0.00014444563123880983
32.144666481018064,0.14369666205512138,-0.005522223578558893,0.0013777775234644926,-0.000577778286403922
32.13133316040039,0.1381744384765625,-0.004144446055094401,0.0007999992370605705,-0.002266663445366864
32.12133312225342,0.1340299924214681,-0.0033444468180338304,-0.0014666642083062933,0.001388886769612796
32.131333096822104,0.13068554560343426,-0.0048111110263401235,-7.777743869349743e-05,0.00035555521647125945
32.15199972788493,0.12587443457709416,-0.004888888465033621,0.000277777777777762,-0.0015222231547037761
32.16566638946533,0.12098554611206053,-0.00461111068725586,-0.0012444453769260141,0.00426666895548505
32.18166637420654,0.11637443542480466,-0.005855556064181874,0.003022223578559036,-0.0025111113654242936
32.21933307647705,0.1105188793606228,-0.0028333324856228376,0.0005111122131347419,-0.0040444437662758995
32.25133304595947,0.10768554687499995,-0.0023222202724880957,-0.0035333315531411577,0.0013666598002113042
32.33599974314372,0.10536332660251185,-0.005855551825629254,-0.0021666717529298532,-0.00237777074178022
32.40999978383382,0.09950777477688261,-0.008022223578559107,-0.004544442494710073,0.007133327060275244
32.417999839782716,0.0914855511983235,-0.01256666607326918,0.002588884565565171,-0.00012221442328552712
32.38633314768473,0.07891888512505432,-0.009977781507704009,0.002466670142279644,-0.00353333791096991
32.279333178202315,0.06894110361735031,-0.007511111365424364,-0.0010666677686902658,0.0013333384195964488
32.22133312225342,0.06142999225192594,-0.008577779134114632,0.000266670650906183,-0.0004444503784183003
32.15466645558675,0.05285221311781131,-0.008311108483208448,-0.00017777972751211734,-0.0007333331637909169
32.07599976857503,0.04454110463460286,-0.008488888210720564,-0.0009111128913030341,0.002522220611572005
31.99066645304362,0.0360522164238823,-0.0094000011020236,0.0016111077202689708,0.0004222318861222855
31.910333124796548,0.0266522153218587,-0.007788893381754629,0.0020333396063912565,-0.002444447411431483
31.82633310953776,0.018863321940104073,-0.005755553775363372,-0.0004111078050402265,0.002008881039089516
31.766999689737954,0.0131077681647407,-0.006166661580403599,0.0015977732340492897,-0.0011622195773650645
31.733666356404623,0.006941106584337101,-0.004568888346354309,0.00043555365668422515,0.0015644497341577098
31.695333099365236,0.002372218237982793,-0.004133334689670084,0.002000003390841935,0.0007555537753635378
31.70666643778483,-0.001761116451687291,-0.002133331298828149,0.0027555571662054726,-0.0008777787950302004
31.730999755859376,-0.0038944477505154394,0.000622225867377324,0.0018777783711752722,-0.0028444480895998938
31.782666460673013,-0.0032722218831381157,0.002500004238552596,-0.0009666697184246213,-0.0006833309597434815
31.874666531880695,-0.0007722176445855192,0.001533334520127975,-0.0016500006781681028,0.004511112636989386
31.997666613260904,0.0007611168755424558,-0.00011666615804012773,0.002861111958821283,-0.0037222247653533693
32.092000007629395,0.000644450717502328,0.0027444458007811552,-0.0008611128065320865,0.00023333655463323073
32.145666694641115,0.003388896518283483,0.0018833329942490689,-0.0006277762518988558,-0.0007055558098687224
32.24633337656657,0.005272229512532552,0.001255556742350213,-0.001333332061767578,0.0015111096700034447
32.289500045776364,0.006527786254882765,-7.777531941736508e-05,0.00017777760823586657,-0.00022222518920926858
32.3171667098999,0.0064500109354654,0.00010000228881850149,-4.444758097340203e-05,7.778379652236821e-05
32.324833424886066,0.006550013224283902,5.555470784509945e-05,3.333621554896619e-05,-0.002466674380832264
32.348500124613444,0.006605567932129001,8.889092339406565e-05,-0.002433338165283298,0.003877788119846315
32.3638334274292,0.006694458855523067,-0.002344447241889232,0.001444449954563017,-0.00458890067206544
32.382500139872235,0.004350011613633835,-0.0008999972873262152,-0.003144450717502423,0.003933342827691414
32.349833424886064,0.0034500143263076193,-0.004044448004828638,0.0007888921101889915,0.0032666609022347377
32.3548334757487,-0.0005944336785210188,-0.0032555558946396465,0.0040555530124237295,-0.0021777725219720876
32.318166732788086,-0.003849989573160665,0.0007999971177840829,0.0018777804904516414,0.0004555511474606533
32.294500096639,-0.0030499924553765824,0.0026777776082357245,0.0023333316379122947,-0.00541110568576381
32.32650006612142,-0.0003722148471408578,0.005011109246148019,-0.003077774047851515,0.005211105346679545
32.375166702270505,0.004638894399007162,0.0019333351982965042,0.00213333129882803,-0.0016111077202689708
32.41850001017253,0.0065722295973036655,0.004066666497124534,0.0005222235785590593,0.0018999989827474194
32.41850001017253,0.0106388960944282,0.004588890075683594,0.002422222561306479,-0.006300002204047435
32.473833338419595,0.015227786170111795,0.007011112636990073,-0.0038777796427409564,0.003800002204047222
32.532833353678384,0.022238898807101868,0.003133332994249116,-7.777743869373429e-05,-7.777320014052217e-05
32.657833417256676,0.025372231801350984,0.003055555555555382,-0.00015555063883425645,-0.0006777869330520048
32.67150007883708,0.028427787356906365,0.0029000049167211255,-0.0008333375718862612,0.002111112806532726
32.67916673024495,0.03132779227362749,0.002066667344834864,0.0012777752346464647,-0.0022888819376628788
32.70683345794678,0.03339445961846235,0.003344442579481329,-0.001011106703016414,0.0016777716742620186
32.73550014495849,0.036738902197943686,0.0023333358764649147,0.0006666649712456044,-0.002655556996663222
32.797500165303546,0.0390722380744086,0.0030000008477105195,-0.0019888920254176176,0.0005333328247067707
32.87883358001709,0.042072238922119115,0.0010111088222929017,-0.0014555592007108467,0.000766671498616489
32.99316692352295,0.04308334774441202,-0.0004444503784179451,-0.0006888877020943577,0.0024111090766061475
33.075166893005374,0.04263889736599407,-0.0011333380805123028,0.0017222213745117898,0.0007666693793402384
33.15383345286052,0.04150555928548177,0.000588883293999487,0.0024888907538520282,-0.006755553351508088
33.24283339182536,0.04209444257948126,0.003077774047851515,-0.00426666259765606,0.005911106533474235
33.35483328501383,0.04517221662733277,-0.0011888885498045453,0.001644443935818174,-0.000611108144124728
33.5008331934611,0.04398332807752823,0.00045555538601362857,0.001033335791693446,-0.0016444524129227034
33.565833218892415,0.044438883463541856,0.0014888911777070745,-0.0006111166212292574,-0.0003111033969455927
33.62266654968262,0.045927774641248933,0.0008777745564778172,-0.00092222001817485,0.0017000007629394058
33.69499994913737,0.04680554919772675,-4.4445461697032824e-05,0.0007777807447645557,-0.001522229512532647
33.72899990081787,0.046761103736029715,0.0007333352830675229,-0.0007444487677680911,0.0016222318013511482
33.751333236694336,0.04749443901909724,-1.1113484700568204e-05,0.0008777830335830572,-0.004261120690240243
33.788666598002116,0.04748332553439667,0.000866669548882489,-0.0033833376566571854,0.003066677517361664
33.806999905904135,0.04834999508327916,-0.0025166681077746964,-0.0003166601392955215,-0.0012166807386613243
33.80033327738444,0.04583332697550446,-0.0028333282470702176,-0.001533340877956846,-0.003477766248915041
33.72983328501383,0.04299999872843425,-0.0043666691250270635,-0.005011107126871887,0.003244442409939552
33.60816669464111,0.03863332960340718,-0.00937777625189895,-0.001766664716932335,0.0027999962700732796
33.453499984741214,0.029255553351508232,-0.011144440968831286,0.0010333315531409445,0.002216667599148773
33.204166666666666,0.018111112382676944,-0.010111109415690342,0.0032499991522897177,-0.0048111110263401235
32.91850007375081,0.008000002966986604,-0.0068611102634006235,-0.0015611118740504063,-0.0006277783711753433
32.65850009918213,0.0011388927035859808,-0.00842222213745103,-0.0021888902452257496,-0.0007000011867949259
32.45266679128011,-0.007283329433865049,-0.01061111238267678,-0.0028888914320206755,0.012366674211290748
32.255333455403644,-0.017894441816541828,-0.013500003814697455,0.009477782779270073,-0.0087333382500546
31.99600009918213,-0.03139444563123928,-0.0040222210354273836,0.0007444445292154711,-0.00418889151679167
31.716000048319497,-0.035416666666666666,-0.003277776506211912,-0.0034444469875761995,0.0024333381652836533
31.609000078837077,-0.03869444317287858,-0.006722223493788111,-0.0010111088222925465,0.00013332790798585846
31.518333435058594,-0.04541666666666669,-0.007733332316080658,-0.000877780914306688,-0.0009444448682996172
31.344333457946778,-0.053149998982747346,-0.008611113230387346,-0.0018222257826063053,0.0005555640326604087
31.141000175476073,-0.0617611122131347,-0.010433339012993651,-0.0012666617499458965,0.0027888849046496726
30.944666798909505,-0.07219445122612834,-0.011700000762939549,0.0015222231547037761,-0.0013777732849121094
30.713000043233237,-0.08389445198906789,-0.010177777608235771,0.00014444986979166667,-0.0028222317165795376
30.476333363850912,-0.09407222959730367,-0.010033327738444104,-0.002677781846787871,0.002522229088676771
30.253000005086264,-0.10410555733574776,-0.012711109585231976,-0.00015555275811109936,-0.000955558353000067
30.030666732788085,-0.11681666692097975,-0.012866662343343075,-0.0011111111111111664,0.0062111049228244985
29.738333384195965,-0.12968332926432283,-0.013977773454454242,0.0050999938117133325,-0.0035055478413900925
29.464333407084148,-0.14366110271877705,-0.00887777964274091,0.0015944459703232403,-0.00274445003933342
29.191000111897786,-0.15253888236151797,-0.007283333672417669,-0.0011500040690101798,0.0042611228095157825
28.989666748046876,-0.15982221603393565,-0.008433337741427849,0.003111118740505603,-0.006511122385660902
28.82800006866455,-0.1682555537753635,-0.005322219000922246,-0.003400003645155299,0.006300002204047554
28.647333335876464,-0.17357777277628575,-0.008722222646077546,0.0028999985588922545,-0.0025444412231447446
28.521666717529296,-0.18229999542236328,-0.00582222408718529,0.0003555573357475102,0.002333329518636281
28.282333374023438,-0.18812221950954858,-0.00546666675143778,0.0026888868543837913,4.444758097316518e-05
28.14500001271566,-0.19358888626098636,-0.002777779897053989,0.0027333344353569562,0.0007333289252386521
27.999333318074545,-0.19636666615804035,-4.4445461697032824e-05,0.0034666633605956085,-0.0033666568332247236
27.90933329264323,-0.19641111161973737,0.0034222178988985758,0.00010000652737088464,0.0038333235846627883
27.83749993642171,-0.1929888937208388,0.0035222244262694603,0.003933330112033673,-0.0029888873630104246
27.81849988301595,-0.18946666929456935,0.007455554538303133,0.000944442749023248,-0.000666664971245486
27.769499905904134,-0.18201111475626622,0.00839999728732638,0.000277777777777762,-0.004144443935818032
27.74383322397868,-0.1736111174689398,0.008677775065104143,-0.00386666615804027,0.0050333362155488
27.71016654968262,-0.16493334240383567,0.004811108907063873,0.0011666700575085306,0.001977774302164903
27.710499827067057,-0.16012223349677182,0.005977778964572403,0.0031444443596734335,-0.004399998982747277
27.648999786376955,-0.1541444545321994,0.009122223324245837,-0.001255554623073844,-0.006277781592475407
27.630999819437662,-0.14502223120795357,0.007866668701171994,-0.00753333621554925,0.007766670650906349
27.645333162943523,-0.13715556250678157,0.000333332485622743,0.00023333443535709838,0.005022218492295849
27.60133317311605,-0.13682223002115884,0.0005666669209798414,0.005255552927652948,-0.0022555541992186788
27.504333178202312,-0.136255563100179,0.005822219848632789,0.0029999987284342684,-0.004122216966417133
27.430666542053224,-0.1304333432515462,0.008822218577067057,-0.0011222182379828638,0.0022333335876464134
27.431333160400392,-0.12161112467447914,0.007700000339084193,0.0011111153496635496,-0.0026222292582191403
27.4926664352417,-0.11391112433539495,0.008811115688747742,-0.001511113908555591,0.0022888904147674084
27.527333068847657,-0.1051000086466472,0.007300001780192152,0.0007777765062118174,-0.001644446055093951
27.55999978383382,-0.09780000686645506,0.008077778286403969,-0.0008666695488821337,0.005744450887043821
27.54233315785726,-0.08972222858005109,0.007211108737521835,0.004877781338161687,-0.0062888929578990135
27.56133314768473,-0.08251111984252925,0.012088890075683523,-0.0014111116197373264,0.0006999990675183199
27.555333137512207,-0.07042222976684573,0.010677778455946196,-0.0007111125522190065,-0.0029888852437337005
27.625666491190593,-0.05974445131089953,0.00996666590372719,-0.003699997795952707,0.0032999971177844144
27.67199986775716,-0.04977778540717234,0.006266668107774483,-0.00040000067816829227,0.0010888926188149146
27.697666549682616,-0.043511117299397856,0.005866667429606191,0.0006888919406466224,-0.00497778786553269
27.68433322906494,-0.037644449869791666,0.0065555593702528135,-0.004288895924886068,0.010588900248209635
27.6986665725708,-0.031088890499538852,0.0022666634453667456,0.006300004323323568,-0.01401111602783208
27.7146666208903,-0.028822227054172107,0.008566667768690313,-0.007711111704508511,0.007366667853461569
27.656999905904133,-0.020255559285481794,0.0008555560641818024,-0.000344443851046942,-0.0013333341810440658
27.674666595458984,-0.01940000322129999,0.0005111122131348603,-0.0016777780320910078,0.0006944444444445234
27.56299991607666,-0.018888891008165133,-0.0011666658189561474,-0.0009833335876464843,-0.000311109754774345
27.43266658782959,-0.02005555682712128,-0.002149999406602632,-0.0012944433424208295,0.003194440205891998
27.30766658782959,-0.02220555623372391,-0.003444442749023461,0.0018999968634711686,-0.0014111052619086924
27.171333249409994,-0.025649998982747373,-0.0015444458855522925,0.0004888916015624764,0.0026333300272623223
27.048999913533528,-0.027194444868299663,-0.001055554283989816,0.0031222216288247988,-0.006499998304578725
26.953666559855144,-0.02824999915228948,0.0020666673448349825,-0.0033777766757539258,0.004727776845295868
26.896333249409995,-0.0261833318074545,-0.0013111093309189433,0.0013500001695419428,-0.0043888939751517125
26.924666595458984,-0.027494441138373443,3.88908386229995e-05,-0.0030388938056097694,0.0037944518195258087
26.885666592915854,-0.027455550299750442,-0.00300000296698677,0.0007555580139160394,0.0012555525037975931
26.82533327738444,-0.030455553266737212,-0.002244444953070731,0.0020111105177136324,-0.0007333310445146661
26.717333221435545,-0.032699998219807944,-0.00023333443535709838,0.0012777794731989663,-0.002877782185872609
26.664333216349284,-0.03293333265516504,0.0010444450378418678,-0.0016000027126736426,-0.0020555475023057803
26.6133331934611,-0.031888887617323176,-0.0005555576748317748,-0.003655550214979423,0.0010444386800131157
26.547666549682617,-0.03244444529215495,-0.004211107889811198,-0.0026111115349663075,0.004899999830457702
26.457333183288576,-0.036655553181966144,-0.006822219424777506,0.002288888295491394,-0.0022888925340437774
26.331666564941408,-0.04347777260674365,-0.004533331129286111,-4.238552383147483e-09,0.0016888936360674714
26.18833325703939,-0.048011103736029764,-0.004533335367838494,0.0016888893975150884,-0.004666665395100604
26.086999956766764,-0.05254443910386826,-0.002844445970323406,-0.0029777759975855153,0.003844443427191398
25.983666610717773,-0.055388885074191666,-0.005822221967908921,0.000866667429605883,-0.005411114162868695
25.88066660563151,-0.06121110704210058,-0.0049555545383030385,-0.004544446733262811,0.004266668955485168
25.724999936421714,-0.06616666158040362,-0.00950000127156585,-0.00027777777777764355,0.002299999660915712
25.5703332901001,-0.07566666285196948,-0.009777779049343493,0.002022221883138068,0.0006444464789494712
25.35566660563151,-0.08544444190131296,-0.007755557166205425,0.0026666683620875393,-0.0033000013563366792
25.108666610717773,-0.09319999906751839,-0.005088888804117886,-0.0006333329942491398,0.0011888864305285316
24.901666577657064,-0.09828888787163628,-0.005722221798367026,0.0005555534362793916,0.0031000052558050346
24.73566659291585,-0.10401110967000331,-0.005166668362087634,0.0036555586920844264,-0.0045000055101183985
24.5783332824707,-0.10917777803209093,-0.001511109670003208,-0.0008444468180339726,0.005455559624566201
24.43933327992757,-0.11068888770209415,-0.0023555564880371805,0.004611112806532229,-0.0029444461398656567
24.33633327484131,-0.11304444419013132,0.002255556318495048,0.001666666666666572,-0.0023333337571884273
24.283333269755044,-0.11078888787163628,0.00392222298516162,-0.0006666670905218552,0.0013666682773165442
24.23933327992757,-0.10686666488647466,0.003255555894639765,0.0007000011867946891,-0.00026666853162969536
24.22666664123535,-0.10361110899183489,0.003955557081434454,0.00043333265516499374,0.0001666662428113123
24.199333318074544,-0.09965555191040044,0.004388889736599447,0.000599998897976306,-0.001688887278238956
24.18166669209798,-0.09526666217380099,0.004988888634575753,-0.00108888838026265,-0.00422222349378778
24.1910000483195,-0.09027777353922524,0.003900000254313104,-0.00531111187405043,0.007755557166205188
24.245333353678387,-0.08637777328491213,-0.0014111116197373264,0.0024444452921547582,-0.00016666836208732624
24.30500005086263,-0.08778888490464946,0.001033333672417432,0.0022777769300674324,-0.0010444407992894849
24.2910000483195,-0.08675555123223203,0.0033111106024848644,0.0012333361307779475,-0.00346667183770073
24.283000055948893,-0.08344444062974717,0.004544446733262811,-0.0022333357069227824,0.002144449022081337
24.322000058492026,-0.07889999389648435,0.0023111110263400294,-8.888668484144565e-05,-0.0010777833726674402
24.350333404541015,-0.07658888287014433,0.0022222243414985834,-0.0011666700575088858,0.00043333901299398293
24.366666730244955,-0.07436665852864574,0.0010555542839896976,-0.0007333310445149029,0.001599994235568521
24.382333437601726,-0.07331110424465605,0.0003222232394747948,0.0008666631910536182,-0.0006999948289659367
24.348333422342936,-0.07298888100518125,0.001188886430528413,0.0001666683620876815,-0.0033111127217609966
24.26766675313314,-0.07179999457465283,0.0013555547926160946,-0.003144444359673315,0.0024777793884275924
24.177666727701823,-0.07044443978203674,-0.0017888895670572205,-0.0006666649712457229,0.0017111078898112216
24.075000063578287,-0.07223332934909396,-0.0024555545383029434,0.0010444429185654986,0.001344447665744397
23.920000076293945,-0.0746888838873969,-0.0014111116197374448,0.002388890584309896,-0.0017333369784884904
23.743000094095866,-0.07609999550713435,0.000977778964572451,0.0006555536058214054,0.0026888932122125435
23.59766674041748,-0.07512221654256189,0.0016333325703938564,0.003344446818033949,-0.0008333375718860244
23.471333440144857,-0.07348888397216805,0.004977779388427805,0.0025111092461479246,-0.004922218322753835
23.365666770935057,-0.06851110458374024,0.00748888863457573,-0.0024111090766059107,-0.00013333850436734925
23.3003334681193,-0.0610222159491645,0.005077779557969819,-0.00254444758097326,0.0016888915167914576
23.278000132242838,-0.05594443639119469,0.0025333319769965594,-0.0008555560641818024,2.1192760139380575e-09
23.223333485921223,-0.05341110441419813,0.001677775912814757,-0.0008555539449057885,-0.0005000008477101876
23.133333460489908,-0.05173332850138337,0.0008222219679089685,-0.001355554792615976,-0.0011111132303875356
23.0263334274292,-0.0509111065334744,-0.0005333328247070075,-0.002466668023003512,0.002611113654242677
22.91200008392334,-0.05144443935818141,-0.0030000008477105195,0.0001444456312391651,-0.0011333359612359336
22.793000094095866,-0.054444440205891925,-0.0028555552164713544,-0.0009888903299967685,0.0017555575900608743
22.650000063578286,-0.05729999542236328,-0.0038444455464681226,0.000766667260064106,-0.0007777786254884233
22.520333417256673,-0.061144440968831405,-0.0030777782864040166,-1.1111365424317417e-05,-0.0030777782864040166
22.39233341217041,-0.06422221925523543,-0.003088889651828334,-0.003088889651828334,0.001366670396592795
22.27266674041748,-0.06731110890706375,-0.006177779303656668,-0.001722219255235539,0.0019777721828885338
22.162333424886068,-0.07348888821072043,-0.007899998558892207,0.00025555292765299477,0.003622224595811711
21.986333401997886,-0.08138888676961263,-0.0076444456312392125,0.003877777523464706,-0.0043111080593533305
21.803666750590008,-0.08903333240085184,-0.0037666681077745067,-0.0004333305358886245,-0.00033333672417548146
21.634000078837076,-0.09280000050862634,-0.004199998643663131,-0.000766667260064106,0.0031777784559462673
21.50700003306071,-0.09699999915228948,-0.0049666659037272375,0.0024111111958821613,-0.0025333340962726916
21.37300008138021,-0.10196666505601672,-0.0025555547078450758,-0.00012222290039053026,0.00028888702392559175
21.263000106811525,-0.10452221976386179,-0.002677777608235606,0.0001666641235350615,0.002244449191623351
21.21466681162516,-0.1071999973720974,-0.0025111134847005446,0.0024111133151584123,0.0006999990675184383
21.150666809082033,-0.10971111085679794,-0.00010000016954213228,0.0031111123826768504,-0.0008333354526094183
21.091000111897788,-0.10981111102634007,0.0030111122131347185,0.0022777769300674324,-0.0015000004238554965
21.054000091552734,-0.10679999881320536,0.00528888914320215,0.0007777765062119357,0.0020444446139865845
21.063666788736978,-0.10151110967000321,0.0060666656494140865,0.00282222112019852,-0.0008333312140570352
21.132333437601726,-0.09544444402058912,0.008888886769612607,0.001988889906141485,-0.003133332994249116
21.211666742960613,-0.08655555725097651,0.010877776675754092,-0.001144443088107631,0.0015999963548448902
21.32333335876465,-0.07567778057522243,0.009733333587646461,0.0004555532667372593,-0.0010777748955622002
21.472666676839193,-0.06594444698757597,0.01018888685438372,-0.0006222216288249409,-0.0015111117892793401
21.6193333307902,-0.055755560133192245,0.009566665225558778,-0.002133333418104281,-0.0002999983893502645
21.79866663614909,-0.04618889490763346,0.007433331807454498,-0.0024333318074545454,0.0036999977959528254
21.979999923706053,-0.03875556310017896,0.004999999999999952,0.0012666659884982797,0.0012111133999295495
22.137666575113933,-0.03375556310017901,0.006266665988498232,0.0024777793884278292,-0.001755557590060993
22.265333239237467,-0.02748889711168078,0.008744445376926062,0.0007222217983668363,0.0002555550469294824
22.3986665725708,-0.018744451734754718,0.009466667175292898,0.0009777768452963187,0.00010000228881826464
22.570999908447266,-0.009277784559461821,0.010444444020589217,0.0010777791341145834,-0.0007888899909125039
22.747999890645346,0.001166659461127395,0.0115222231547038,0.0002888891432020794,-0.0016666687859430596
22.94699986775716,0.012688882615831195,0.011811112297905879,-0.0013777796427409802,0.0015555572509767283
23.173666572570802,0.024499994913737073,0.0104333326551649,0.00017777760823574815,-0.0016222212049698944
23.3849999109904,0.034933327568901974,0.010611110263400647,-0.0014444435967341462,0.0009666633605961058
23.568333244323732,0.04554443783230262,0.0091666666666665,-0.00047778023613804046,0.0035333400302460425
23.758666547139487,0.05471110449896912,0.00868888643052846,0.003055559794108002,-0.002988895840114836
23.913999875386555,0.06339999092949758,0.011744446224636463,6.666395399316609e-05,-0.0010555521647136838
24.064333152770995,0.07514443715413405,0.011811110178629628,-0.0009888882107205177,-0.0028222211201986386
24.240666516621907,0.08695554733276367,0.01082222196790911,-0.0038111093309191563,0.004544438256157927
24.412333170572918,0.09777776930067278,0.007011112636989955,0.0007333289252387706,-0.0029333284166124683
24.56733315785726,0.10478888193766274,0.007744441562228725,-0.002199999491373698,-0.001577777862548757
24.65066649119059,0.11253332349989147,0.005544442070855027,-0.003777777353922455,0.0033222240871850772
24.748999786376952,0.11807776557074649,0.001766664716932572,-0.00045555326673737777,0.0009444427490237217
24.80533307393392,0.11984443028767906,0.001311111450195194,0.000488889482286344,-0.0005333349439832583
24.809999720255533,0.12115554173787425,0.0018000009324815381,-4.4445461696914396e-05,-0.0023333337571887825
24.78533306121826,0.12295554267035579,0.0017555554707846235,-0.002377779218885697,0.00037778218587227743
24.779666392008462,0.12471109814114041,-0.0006222237481010733,-0.0019999970330134196,0.0011111089918351524
24.795333035786946,0.12408887439303934,-0.0026222207811144927,-0.000888888041178267,-0.001555555131700359
24.786333020528158,0.12146665361192485,-0.0035111088222927597,-0.002444443172878626,0.0018111059400769847
24.776333045959472,0.11795554478963209,-0.005955551995171385,-0.0006333372328016414,-0.0007666609022353535
24.750333086649576,0.1119999927944607,-0.006588889227973027,-0.001399998135036995,-0.0012444453769258957
24.68333314259847,0.10541110356648768,-0.007988887363010021,-0.0026444435119628907,0.002244442833794598
24.634999783833823,0.09742221620347766,-0.010633330874972913,-0.00040000067816829227,0.00208888795640713
24.54199981689453,0.08678888532850475,-0.011033331553141205,0.0016888872782388376,-0.00012222078111427946
24.402333196004232,0.07575555377536354,-0.009344444274902367,0.001566666497124558,-0.002133333418104281
24.25266653696696,0.06641110950046117,-0.00777777777777781,-0.000566666920979723,-0.0016777780320911262
24.129999860127768,0.05863333172268336,-0.008344444698757532,-0.002244444953070849,0.0019888920254178544
24.024333190917968,0.05028888702392583,-0.010588889651828382,-0.00025555292765299477,-0.00044444825914157583
23.907333183288575,0.039699997372097444,-0.010844442579481377,-0.0007000011867945706,0.0003222211201981887
23.76199982961019,0.028855554792616072,-0.011544443766275947,-0.00037778006659638187,0.0017333369784889642
23.613666534423828,0.017311111026340125,-0.01192222383287233,0.0013555569118925822,-0.0008000013563371766
23.466333198547364,0.005388887193467795,-0.010566666920979746,0.0005555555555554055,-0.000955554114447447
23.335333188374836,-0.005177779727511951,-0.010011111365424341,-0.00039999855889204147,0.0039999983045789856
23.22966651916504,-0.015188891092936292,-0.010411109924316382,0.0035999997456869436,-0.00372222052680146
23.112666511535643,-0.025600001017252676,-0.006811110178629439,-0.00012222078111451634,-8.8893042670198e-05
22.990666516621907,-0.032411111195882115,-0.006933330959743955,-0.00021111382378471432,-0.00044443978203669113
22.94166653951009,-0.03934444215562607,-0.00714444478352867,-0.0006555536058214054,0.0003666623433431937
22.883999888102213,-0.04648888693915474,-0.007799998389350075,-0.00028889126247821174,0.003333337571885764
22.845999908447265,-0.054288885328504816,-0.008088889651828286,0.0030444463094075522,-0.0043333350287544665
22.783666610717773,-0.0623777749803331,-0.005044443342420735,-0.0012888887193469145,0.0017000007629396426
22.695999908447266,-0.06742221832275383,-0.006333332061767649,0.0004111120435927281,0.0037222205268012233
22.627999941507976,-0.07375555038452149,-0.005922220018174921,0.004133332570393952,-0.0031222237481012866
22.536333274841308,-0.0796777704026964,-0.00178888744778097,0.0010111088222926649,-0.0011666636996797782
22.414999961853027,-0.08146665785047738,-0.0007777786254883049,-0.00015555487738711332,-0.0011666658189562658
22.36599998474121,-0.08224443647596567,-0.0009333335028754182,-0.001322220696343379,0.0023999977111817117
22.31799996693929,-0.0831777699788411,-0.002255554199218797,0.0010777770148383326,-0.00225555631849493
22.28433329264323,-0.08543332417805989,-0.0011777771843804647,-0.0011777793036565972,0.002722223069932639
22.23233331044515,-0.08661110136244037,-0.002355556488037062,0.0015444437662760417,0.0011444430881075126
22.187999979654947,-0.08896665785047743,-0.0008111127217610203,0.002688886854383554,-0.004044437408447147
22.10733331044515,-0.08977777057223844,0.0018777741326225339,-0.001355550554063593,0.004188880920410417
22.056999969482423,-0.08789999643961591,0.0005222235785589409,0.0028333303663468238,0.0005666690402556185
22.046333249409994,-0.08737777286105697,0.0033555539449057646,0.003399999406602442,-0.0017999966939287995
22.013666598002114,-0.0840222189161512,0.006755553351508207,0.0016000027126736426,-0.001744446224636557
22.021333249409995,-0.077266665564643,0.00835555606418185,-0.00014444351196291432,-0.0005555576748316563
22.084333229064942,-0.06891110950046114,0.008211112552218935,-0.0007000011867945706,0.00043333477444088925
22.185333251953125,-0.06069999694824221,0.007511111365424364,-0.0002666664123536814,0.0028333346048993254
22.3089999516805,-0.05318888558281785,0.007244444953070683,0.002566668192545644,-0.002166671752929735
22.428666623433433,-0.04594444062974716,0.009811113145616328,0.0003999964396159091,-0.000777772267659671
22.52899996439616,-0.03613332748413083,0.010211109585232237,-0.0003777758280437619,-0.0009333356221513137
22.678000005086265,-0.0259222178988986,0.009833333757188475,-0.0013111114501950757,0.0015111117892791033
22.83599999745687,-0.016088884141710124,0.008522222306993399,0.0002000003390840277,0.001888887617323339
22.98366667429606,-0.007566661834716726,0.008722222646077426,0.0020888879564073667,-0.0018444421556260693
23.108333333333334,0.0011555608113607008,0.010811110602484793,0.0002444458007812974,-0.0028222253587512586
23.26433334350586,0.011966671413845494,0.01105555640326609,-0.0025777795579699616,0.003077780405680623
23.471666653951008,0.023022227817111586,0.00847777684529613,0.0005000008477106613,-0.0034888903299969817
23.681333351135255,0.03150000466240772,0.00897777769300679,-0.0029888894822863205,0.00678888956705741
23.886666679382323,0.04047778235541451,0.00598888821072047,0.00380000008477109,-0.003133330874972984
24.09833335876465,0.046466670566134974,0.00978888829549156,0.000666669209798106,-0.00033333884345149536
24.240000025431314,0.05625555886162654,0.010455557505289667,0.00033333036634661066,0.002300003899468332
24.47133337656657,0.0667111163669162,0.010788887871636278,0.0026333342658149423,0.0010222201877168639
24.697333399454752,0.07750000423855248,0.01342222213745122,0.0036555544535318064,-0.008711111280653109
24.95300006866455,0.0909222263760037,0.017077776590983026,-0.005055556827121303,0.004955560896131909
25.26400006612142,0.10800000296698672,0.012022219763861723,-9.999593098939386e-05,-0.0015555593702532159
25.65500005086263,0.12002222273084845,0.01192222383287233,-0.0016555553012426098,0.004255553351508468
25.966666666666665,0.13194444656372079,0.010266668531629719,0.002599998050265858,-0.0034999974568684423
26.276333363850913,0.1422111150953505,0.012866666581895577,-0.0008999994066025845,0.005311111874050548
26.550666745503744,0.15507778167724606,0.011966667175292992,0.004411112467447964,-0.007533338334825501
26.88466676076253,0.16704444885253905,0.016377779642740956,-0.003122225867377537,0.0004111184014217173
27.19933344523112,0.18342222849528003,0.013255553775363419,-0.00271110746595582,0.0037333276536728023
27.61000016530355,0.19667778227064345,0.0105444463094076,0.0010222201877169823,-0.002366665734185247
27.957333437601726,0.20722222858005104,0.011566666497124583,-0.0013444455464682648,-0.001622219085692933
28.263000106811525,0.2187888950771756,0.010222220950656316,-0.002966664632161198,0.001344441307915171
28.577333450317383,0.22901111602783195,0.007255556318495119,-0.0016222233242460268,-8.889092339394721e-05
28.891666730244953,0.23626667234632706,0.005633332994249092,-0.001711114247639974,0.0005333391825358783
29.172333399454754,0.24190000534057615,0.003922218746609118,-0.0011777750651040956,0.001199997795952612
29.44233341217041,0.24582222408718526,0.002744443681505023,2.2222730848516412e-05,-0.003344446818033949
29.68366667429606,0.2485666677686903,0.0027666664123535394,-0.0033222240871854324,0.002100003560384304
29.88566665649414,0.2513333341810438,-0.0005555576748318932,-0.0012222205268011285,0.0020888879564073667
30.068999989827475,0.2507777765062119,-0.0017777782016330215,0.0008666674296062382,0.00036666658189534
30.201333300272623,0.24899999830457892,-0.0009111107720267835,0.0012333340115015781,-0.004311112297905714
30.305999946594238,0.24808888753255212,0.0003222232394747948,-0.003077778286404135,0.0009888903299970053
30.426333300272624,0.24841111077202693,-0.0027555550469293404,-0.00208888795640713,0.001388884650335953
30.560666656494142,0.2456555557250976,-0.00484444300333647,-0.0007000033060711767,-0.0003222168816456872
30.63400001525879,0.24081111272176112,-0.005544446309407647,-0.0010222201877168639,0.0007222196790904671
30.69600003560384,0.23526666641235347,-0.0065666664971245105,-0.00030000050862639683,0.005011111365424507
30.73933334350586,0.22869999991522896,-0.0068666670057509075,0.00471111085679811,-0.01056666692098022
30.74766667683919,0.22183333290947804,-0.0021555561489527975,-0.005855556064182111,0.005911112891303579
30.75333334604899,0.21967777676052525,-0.008011112213134908,5.555682712146866e-05,-0.0010555564032661854
30.83033332824707,0.21166666454739033,-0.00795555538601344,-0.0009999995761447167,-0.00035555521647137784
30.82133331298828,0.2037111091613769,-0.008955554962158156,-0.0013555547926160946,-0.0020888900756836173
30.80866667429606,0.19475555419921875,-0.01031110975477425,-0.003444444868299712,0.007922223409016856
30.795666694641113,0.1844444444444445,-0.013755554623073962,0.004477778540717144,-0.0021222262912325837
30.797333399454754,0.17068888982137054,-0.009277776082356819,0.0023555522494845605,-0.0007333310445147845
30.775666745503745,0.1614111137390137,-0.006922223832872258,0.001622221204969776,-0.0045999950832792775
30.809000078837077,0.15448888990614146,-0.005300002627902482,-0.0029777738783095015,0.004944438934326101
30.911000061035157,0.14918888727823898,-0.008277776506211983,0.0019666650560165996,-0.00957778082953548
31.026333363850913,0.140911110772027,-0.006311111450195384,-0.00761111577351888,0.009455570644802572
31.11200008392334,0.13459999932183161,-0.013922227223714263,0.0018444548712836925,0.0014444308810764048
31.237333424886067,0.12067777209811735,-0.012077772352430571,0.003288885752360097,-0.003522220187717077
31.23033332824707,0.10859999974568678,-0.008788886600070473,-0.00023333443535697996,-0.0006333287556966382
31.21533342997233,0.0998111131456163,-0.009022221035427455,-0.0008666631910536182,0.0026555485195582187
31.257333501180014,0.09078889211018885,-0.009888884226481072,0.0017888853285046005,-0.0001111094156897252
31.30100021362305,0.08090000788370778,-0.008099998897976472,0.0016777759128148754,-0.0011444367302791156
31.318666966756187,0.0728000089857313,-0.006422222985161596,0.0005333391825357599,0.004049987792968679
31.356333669026693,0.0663777860005697,-0.005888883802625837,0.004583326975504439,-0.0006111017862953835
31.4336669921875,0.060488902197943874,-0.0013055568271213977,0.003972225189209056,-0.0011388927035862176
31.498333740234376,0.059183345370822475,0.0026666683620876577,0.0028333324856228376,0.00014444563123928352
31.661167017618816,0.06185001373291013,0.005500000847710495,0.0029777781168621215,-0.0034277809990780855
31.92450040181478,0.06735001458062063,0.008477778964572616,-0.0004500028822159644,0.000511114332411348
32.22183373769124,0.07582779354519324,0.008027776082356653,6.111145019538355e-05,0.0037166680230034405
32.580833752950035,0.08385556962754989,0.008088887532552037,0.003777779473198824,-0.0028111139933268228
32.94200038909912,0.09194445716010194,0.01186666700575086,0.0009666654798720013,-0.0013555526733399622
33.3190003712972,0.1038111241658528,0.01283333248562286,-0.00038888719346796087,0.0025666618347171283
33.74833374023437,0.11664445665147566,0.012444445292154901,0.0021777746412491674,-0.0015666622585725303
34.19533373514811,0.12908890194363057,0.014622219933404068,0.0006111123826766374,-0.0030888896518282156
34.612000401814775,0.14371112187703464,0.015233332316080705,-0.002477777269151578,0.007022224002414508
35.05900033315023,0.15894445419311534,0.012755555046929127,0.00454444673326293,-0.004300005171034016
35.52166697184245,0.17170000924004444,0.017300001780192056,0.0002444415622289142,-0.001344441307916
35.981333605448405,0.1890000110202365,0.01754444334242097,-0.0010999997456870858,-0.001944444444444334
36.491333643595375,0.20654445436265748,0.016444443596733884,-0.0030444441901314196,0.0055444463094080024
37.005000305175784,0.22298889795939136,0.013399999406602466,0.0025000021192765824,-0.007088890075684044
37.485333633422854,0.23638889736599383,0.01590000152587905,-0.004588887956407462,0.0018999968634711686
37.88900032043457,0.2522888988918729,0.011311113569471587,-0.0026888910929362925,0.0013555590311687146
38.34433371225993,0.26360001246134446,0.008622222476535294,-0.001333332061767578,0.002555550469292574
38.71700045267741,0.2722222349378798,0.007288890414767716,0.0012222184075249961,-0.004266660478379928
39.07766710917155,0.2795111253526475,0.008511108822292713,-0.0030444420708549322,0.010266670650905852
39.41166712443034,0.2880222341749402,0.00546666675143778,0.007222228580050919,-0.004166685740152687
39.75266710917155,0.29348890092637797,0.0126888953314887,0.0030555428398982326,-0.006488872104221481
40.04200045267741,0.3061777962578667,0.015744438171386932,-0.0034333292643232483,0.003277774386936135
40.41566721598307,0.3219222344292536,0.012311108907063684,-0.00015555487738711332,0.002699996100531621
40.87300046284994,0.33423334333631727,0.012155554029676571,0.0025444412231445074,-0.00524443732367601
41.28433380126953,0.3463888973659939,0.014699995252821079,-0.0026999961005315025,-0.0034666697184245975
41.692667134602864,0.36108889261881494,0.011999999152289576,-0.0061666658189561,0.008666661580403457
42.151333745320635,0.3730888917711045,0.005833333333333476,0.002499995761447356,-0.007688878377278622
42.54900042215983,0.378922225104438,0.008333329094780831,-0.005188882615831266,-0.0004222318861218118
42.80133374532064,0.3872555541992188,0.0031444464789495657,-0.005611114501953078,0.005955558353000375
43.11600036621094,0.3904000006781684,-0.002466668023003512,0.0003444438510472973,-0.004244444105360757
43.37316703796387,0.3879333326551649,-0.0021222241719562143,-0.003900000254313459,0.005233338673909908
43.562500381469725,0.38581110848320865,-0.006022224426269674,0.0013333384195964488,-0.003166675567626953
43.7961669921875,0.379788884056939,-0.004688886006673224,-0.0018333371480305043,-0.0015111075507270755
43.974500274658205,0.3750999980502658,-0.006522223154703729,-0.00334444469875758,0.002100001441107698
44.195000330607094,0.36857777489556204,-0.009866667853461308,-0.0012444432576498817,0.003472222222222617
44.37633361816406,0.35871110704210074,-0.01111111111111119,0.002227778964572735,-0.005244443681505591
44.509666951497394,0.34759999593098956,-0.008883332146538454,-0.003016664716932856,0.0021722178988992386
44.6233336130778,0.3387166637844511,-0.011899996863471311,-0.0008444468180336173,0.0017333348592120028
44.77350031534831,0.32681666692097977,-0.012744443681504928,0.0008888880411783855,-0.0035888926188152462
44.86350034077962,0.31407222323947487,-0.011855555640326542,-0.002700004577636861,0.004000008900960476
44.943833669026695,0.3022166675991483,-0.014555560217963403,0.001300004323323615,0.0009555498758951823
45.047833633422854,0.2876611073811849,-0.013255555894639788,0.002255554199218797,-0.0015666664971246765
45.12116686503092,0.2744055514865451,-0.01100000169542099,0.0006888877020941209,-0.005366666581895648
45.23716684977214,0.2634055497911241,-0.01031111399332687,-0.004677778879801527,0.00918889151679186
45.38750012715658,0.2530944357977972,-0.014988892873128398,0.004511112636990333,-0.0031333308749734575
45.481833394368486,0.23810554292466884,-0.010477780236138065,0.0013777817620168756,-0.00038889355129612113
45.4875,0.22762776268853077,-0.009099998474121188,0.0009888882107207545,-0.0031333329942495897
45.545833333333334,0.2185277642144096,-0.008111110263400435,-0.0021444447835288353,0.004811108907063991
45.63350003560384,0.21041665395100917,-0.010255555046929269,0.002666664123535156,-0.007211112976074218
45.72416674296061,0.2001610989040799,-0.007588890923394113,-0.004544448852539062,-0.0006444295247395833
45.757500076293944,0.19257220798068578,-0.012133339775933175,-0.005188878377278646,0.007422205607096307
45.81916669209798,0.1804388682047526,-0.017322218153211822,0.002233327229817661,-0.0040333260430228295
45.82883326212565,0.16311665005154077,-0.01508889092339416,-0.001799998813205169,-0.0022999996609158304
45.76649996439616,0.1480277591281466,-0.01688888973659933,-0.004099998474120999,0.007399995591905176
45.72516657511393,0.13113886939154729,-0.020988888210720327,0.0032999971177841776,0.003977784050835235
45.62683321634928,0.11014998118082696,-0.01768889109293615,0.007277781168619412,-0.013388892279730176
45.455833180745444,0.09246109008789082,-0.010411109924316738,-0.006111111111110764,0.0067500008477101876
45.32283312479655,0.08204998016357408,-0.0165222210354275,0.0006388897365994239,-0.0010222286648219855
45.26283315022786,0.06552775912814658,-0.015883331298828077,-0.0003833389282225615,-0.002438875834147562
45.08183314005534,0.0496444278293185,-0.01626667022705064,-0.002822214762370123,0.006233325534397238
44.86249987284342,0.03337775760226786,-0.01908888498942076,0.003411110772027115,-0.006216672261556037
44.56383310953776,0.014288872612847095,-0.015677774217393647,-0.002805561489528922,0.004822235107421591
44.224833170572914,-0.0013889016045465516,-0.01848333570692257,0.002016673617892669,-0.0012389034695094855
43.93283322652181,-0.019872237311469122,-0.0164666620890299,0.0007777701483831833,0.0005111228095162327
43.59883321126302,-0.036338899400499024,-0.015688891940646717,0.001288892957899416,-0.002577785915799069
43.28616663614909,-0.05202779134114574,-0.0143999989827473,-0.0012888929578996529,0.004544453091092275
42.94883321126302,-0.06642779032389304,-0.015688891940646953,0.0032555601331926217,-0.0007222281561962992
42.630499903361006,-0.08211668226454,-0.012433331807454333,0.0025333319769963226,-0.004899995591905082
42.30999984741211,-0.09455001407199433,-0.00989999983045801,-0.0023666636149087595,0.0017666668362089411
42.026999918619794,-0.10445001390245233,-0.01226666344536677,-0.0005999967786998184,-0.0018222300211595173
41.810333251953125,-0.11671667734781911,-0.012866660224066588,-0.002422226799859336,0.0021333397759335073
41.54633331298828,-0.1295833375718857,-0.015288887023925923,-0.00028888702392582864,0.005622219509549117
41.23366673787435,-0.14487222459581162,-0.015577774047851751,0.005333332485623288,-0.002133331298828741
40.89100011189779,-0.16044999864366336,-0.010244441562228463,0.003200001186794547,-0.004566671583387697
40.57400016784668,-0.17069444020589183,-0.007044440375433917,-0.0013666703965931504,-0.0012333297729488397
40.36100018819173,-0.17773888058132575,-0.008411110772027068,-0.00260000016954199,0.0005111100938584911
40.155333582560225,-0.1861499913533528,-0.011011110941569058,-0.002088890075683499,0.006266665988498232
39.96133359273275,-0.19716110229492187,-0.013100001017252557,0.004177775912814733,-0.004622213575575292
39.71866696675618,-0.21026110331217443,-0.008922225104437824,-0.0004444376627605588,0.005611106024848311
39.41633364359538,-0.21918332841661226,-0.009366662767198383,0.005166668362087752,-0.003300009833442156
39.182000223795576,-0.22854999118381064,-0.004199994405110629,0.0018666585286455965,-0.0030555428398976402
38.96266695658366,-0.23274998558892127,-0.002333335876465033,-0.0011888843112520437,0.005199991861979214
38.84633369445801,-0.2350833214653863,-0.003522220187717077,0.00401110755072717,-0.0013666576809356456
38.71400032043457,-0.23860554165310338,0.0004888873630100931,0.0026444498697915245,-0.004811117384168758
38.56700032552083,-0.2381166542900933,0.0031333372328016178,-0.0021666675143772332,0.0013111072116430479
38.483333587646484,-0.23498331705729167,0.0009666697184243844,-0.0008555603027341855,0.0077000088161890785
38.406333669026694,-0.2340166473388673,0.0001111094156901989,0.006844448513454893,-0.004300007290310504
38.302333704630534,-0.2339055379231771,0.006955557929145092,0.002544441223144389,0.002644454108344263
38.24566701253255,-0.226949979994032,0.00949999915228948,0.005188895331488652,-0.0033111233181422504
38.27333374023438,-0.21744998084174252,0.014688894483778133,0.0018777720133464014,-0.004533331129285992
38.33900044759115,-0.2027610863579644,0.016566666497124533,-0.0026555591159395913,0.0027555635240342252
38.48100051879883,-0.18619441986083984,0.013911107381184944,0.00010000440809463385,-0.00013334486219633844
38.63900057474772,-0.1722833124796549,0.014011111789279577,-3.3340454101704606e-05,0.0016500176323785828
38.76433385213216,-0.15827220069037531,0.013977771335177873,0.0016166771782768782,-0.0018666839599608429
38.85066719055176,-0.14429442935519746,0.015594448513454751,-0.0002500067816839646,-9.998745388439071e-05
38.95733375549317,-0.1286999808417427,0.015344441731770787,-0.0003499942355683553,-0.0005555682712135024
39.08783378601074,-0.11335553910997191,0.01499444749620243,-0.0009055625067818577,-0.003616655137803804
39.22983373006185,-0.09836109161376948,0.014088884989420573,-0.004522217644585661,0.005877770317925742
39.35916709899902,-0.08427220662434891,0.009566667344834912,0.0013555526733400806,0.0025888909233936865
39.498833719889326,-0.074705539279514,0.010922220018174993,0.003944443596733767,-0.0025333319769963226
39.569167073567705,-0.06378331926133901,0.01486666361490876,0.0014111116197374448,-0.0012222247653535115
39.63283373514811,-0.048916655646430246,0.016277775234646203,0.00018888685438393318,-0.002333327399360267
39.766167068481444,-0.032638880411784046,0.016466662089030137,-0.0021444405449763337,0.0015777715047202415
39.91183369954427,-0.016172218322753906,0.014322221544053803,-0.0005666690402560922,-0.0011333296034071812
40.08883361816406,-0.0018499967787001027,0.013755552503797711,-0.0016999986436632734,0.0030111100938590594
40.30550028483073,0.011905555725097609,0.012055553860134438,0.0013111114501957863,0.0037111112806520906
40.51250025431315,0.023961109585232048,0.013366665310330225,0.005022222730847877,-0.006477771335177115
40.68016688028971,0.03732777489556227,0.0183888880411781,-0.0014555486043292376,0.0018110953436957307
40.83850021362305,0.05571666293674037,0.016933339436848865,0.00035554673936649315,-0.0063333257039391334
41.08783353169759,0.07265000237358923,0.017288886176215358,-0.005977778964572641,0.01185556199815565
41.36150029500325,0.0899388885498046,0.011311107211642716,0.00587778303358301,-0.006500006781683965
41.6608336130778,0.1012499957614473,0.017188890245225727,-0.0006222237481009548,-7.777320014146956e-05
41.88383356730143,0.11843888600667303,0.016566666497124773,-0.0006999969482424244,0.0024222140842015943
42.26716690063476,0.1350055525037978,0.015866669548882346,0.0017222171359591698,-0.0012666617499455413
42.617166900634764,0.15087222205268017,0.01758888668484152,0.00045555538601362857,-0.0042999945746529985
43.00950024922689,0.16846110873752168,0.018044442070855145,-0.0038444391886393705,-0.000611122979058365
43.460166931152344,0.1865055508083768,0.014200002882215774,-0.004455562167697736,0.0015888977050785512
43.89750022888184,0.2007055536905926,0.00974444071451804,-0.002866664462619184,0.0018555492824977667
44.26683362325033,0.21044999440511064,0.0068777762518988554,-0.0010111151801214173,0.00023334079318549546
44.5868335723877,0.21732777065700948,0.005866661071777439,-0.0007777743869359217,0.002311113145616635
44.85883356730143,0.22319443172878692,0.005088886684841517,0.0015333387586807135,0.001522212558322167
45.17683347066244,0.22828331841362845,0.00662222544352223,0.00305555131700288,-0.006399989657931826
45.48750012715657,0.23490554385715068,0.00967777676052511,-0.0033444383409289456,-0.002200012207030729
45.81150016784668,0.2445833206176758,0.006333338419596165,-0.005544450547959674,0.0010777876112191128
46.188166809082034,0.25091665903727195,0.00078888787163649,-0.004466662936740562,0.005833324856228236
46.484833526611325,0.25170554690890845,-0.0036777750651040718,0.0013666619194876736,-0.002777769300672617
46.639000193277994,0.24802777184380437,-0.0023111131456163983,-0.0014111073811849432,0.003188883463541951
46.67066688537598,0.24571665869818796,-0.0037222205268013417,0.0017777760823570077,-0.0019111082288958414
46.73066685994466,0.24199443817138663,-0.001944444444444334,-0.00013333214653883375,-0.0033333375718854084
46.758666865030925,0.2400499937269423,-0.0020777765909831677,-0.0034666697184242423,0.0014000066121416428
46.770666885375974,0.23797221713595912,-0.00554444630940741,-0.0020666631062825993,-0.0017111121283638416
46.772000249226885,0.23242777082655172,-0.00761110941569001,-0.003777775234646441,0.0007888836330839884
46.739000193277995,0.2248166614108617,-0.01138888465033645,-0.0029888916015624527,0.003588888380262508
46.65633354187012,0.21342777676052524,-0.014377776251898903,0.0005999967787000553,0.0011888927883572837
46.49166692097982,0.19905000050862634,-0.013777779473198849,0.0017888895670573391,-0.0028444459703235244
46.27700030008952,0.1852722210354275,-0.011988889906141508,-0.0010555564032661854,-0.0012555525037972377
46.07066688537598,0.17328333112928598,-0.013044446309407693,-0.002311108907063423,0.0011444388495545374
45.87866681416829,0.1602388848198783,-0.015355555216471117,-0.0011666700575088858,-0.0021666590372719933
45.6456667582194,0.1448833296034072,-0.016522225273980003,-0.0033333290947808792,0.006911108228895557
45.434333419799806,0.12836110432942718,-0.019855554368760884,0.0035777791341146782,-0.015266668531630027
45.21233342488607,0.10850554996066629,-0.016277775234646203,-0.01168888939751535,0.014577776590983405
44.91600011189779,0.09222777472602009,-0.027966664632161554,0.0028888871934680555,-0.006988885667589291
44.65066680908203,0.06426111009385854,-0.025077777438693497,-0.004099998474121236,0.00262221866183836
44.19500020345052,0.03918333265516504,-0.029177775912814733,-0.0014777798122828755,0.003088891771104348
43.792666880289715,0.010005556742350308,-0.030655555725097608,0.0016111119588214724,0.001655548943413739
43.3096669514974,-0.0206499989827473,-0.029044443766276136,0.0032666609022352117,-0.0006888749864363793
42.840666961669925,-0.04969444274902344,-0.025777782864040925,0.002577785915798832,-0.0010444556342233586
42.406666946411136,-0.07547222561306437,-0.023199996948242093,0.0015333302815754735,-0.005799992879231771
42.0026668548584,-0.09867222256130645,-0.02166666666666662,-0.004266662597656298,0.0034222115410699415
41.6266668955485,-0.12033888922797308,-0.025933329264322916,-0.0008444510565863557,0.00038889567057272717
41.24866689046224,-0.146272218492296,-0.026777780320909272,-0.00045555538601362857,-0.004255553351507994
40.78866691589356,-0.17304999881320526,-0.0272333357069229,-0.004711108737521622,0.00934444003635022
40.296000162760414,-0.20028333452012817,-0.031944444444444525,0.004633331298828599,0.00569444868299603
39.803000132242836,-0.2322277789645727,-0.027311113145615924,0.010327779981824629,-0.004355557759602628
39.22133344014485,-0.2595388921101886,-0.016983333163791296,0.005972222222222001,-0.008683331807453716
38.69866676330567,-0.2765222252739799,-0.011011110941569294,-0.0027111095852317153,0.005333328247069602
38.3433334350586,-0.2875333362155492,-0.01372222052680101,0.0026222186618378865,-0.0013444391886390386
38.0446667989095,-0.3012555567423502,-0.011100001864963124,0.0012777794731988479,-0.0017444483439128077
37.693000157674156,-0.31235555860731334,-0.009822222391764276,-0.0004666688707139599,0.0020000076293941998
37.388000106811525,-0.3221777809990776,-0.010288891262478235,0.0015333387586802397,0.000866656833225458
37.105333455403645,-0.33246667226155585,-0.008755552503797996,0.002399995591905698,0.0014555592007103732
36.79800008138021,-0.34122222476535385,-0.006355556911892298,0.003855554792616071,-0.002466665903727261
36.50233345031738,-0.3475777816772461,-0.002500002119276227,0.00138888888888881,-0.0012222162882485085
36.229000091552734,-0.3500777837965224,-0.0011111132303874172,0.0001666726006403015,0.001244436899821011
35.989333407084146,-0.3511888970269098,-0.0009444406297471156,0.0014111095004613124,2.1192756586666897e-09
35.741333389282225,-0.3521333376566569,0.00046666887071419676,0.001411111619736971,-0.0031111145019525094
35.50666675567627,-0.3516666687859427,0.0018777804904511679,-0.0017000028822155382,-0.0014777776930067431
35.32866675059001,-0.34978888829549154,0.00017777760823562972,-0.0031777805752222815,0.007833336724174937
35.15200010935465,-0.3496111106872559,-0.0030000029669866517,0.004655556148952656,-0.00844444486829919
34.94600009918213,-0.3526111136542426,0.0016555531819660038,-0.0037888887193465357,0.013066666920979486
34.63400001525879,-0.35095556047227655,-0.0021333355373805317,0.00927777820163295,-0.011311111450195454
34.38733329772949,-0.3530888960096571,0.007144442664252419,-0.002033333248562504,0.0063222206963438055
34.05799992879232,-0.3459444533454047,0.005111109415689915,0.0042888874477813015,-0.0067999966939294625
33.81666660308838,-0.34083334392971476,0.009399996863471215,-0.0025111092461481614,0.001244445376926251
33.56766656239827,-0.33143334706624356,0.0068888876173230544,-0.0012666638692219105,-0.000822221967909087
33.36666653951009,-0.32454445944892046,0.005622223748101144,-0.0020888858371309973,0.0015222125583224037
33.10433317820231,-0.31892223570081935,0.0035333379109701466,-0.0005666732788085938,0.002633340623643458
32.838999875386556,-0.3153888977898492,0.002966664632161553,0.002066667344834864,0.0029333347744414577
32.54099992116292,-0.31242223315768763,0.005033331976996417,0.005000002119276322,-0.005055554707844934
32.253999900817874,-0.30738890118069123,0.01003333409627274,-5.555258856861182e-05,-0.001066669887966872
32.0269998550415,-0.29735556708441846,0.009977781507704127,-0.0011222224765354838,0.005488887363010046
31.867999903361003,-0.28737778557671434,0.008855559031168643,0.004366664886474562,-0.006288888719346867
31.674666595458984,-0.2785222265455457,0.013222223917643206,-0.0019222238328723052,-0.004755554199218418
31.447333335876465,-0.2653000026279025,0.0113000000847709,-0.006677778032090724,0.005644444359673291
31.26233336130778,-0.2540000025431316,0.004622222052680177,-0.001033333672417432,0.0035666656494136363
31.07866668701172,-0.24937778049045142,0.0035888883802627446,0.002533331976996204,-0.006133327484130409
30.862000020345054,-0.24578889211018867,0.006122220357258948,-0.0035999955071342052,0.002399991353352841
30.671000035603843,-0.23966667175292974,0.0025222248501247436,-0.0012000041537813643,0.004166675143771551
30.503000005086264,-0.23714444690280498,0.001322220696343379,0.002966670989990187,-0.0042333433363171006
30.273666699727375,-0.23582222620646162,0.004288891686333566,-0.0012666723463269137,0.0013444540235726758
30.030666669209797,-0.23153333452012806,0.0030222193400066526,7.778167724576216e-05,-0.0017222256130635808
29.852000045776368,-0.2285111151801214,0.0031000010172524146,-0.0016444439358178186,0.0021555540296761913
29.646999994913738,-0.225411114162869,0.001455557081434596,0.0005111100938583727,-0.0013111114501953125
29.466666666666665,-0.2239555570814344,0.0019666671752929686,-0.0008000013563369397,-0.0028888850741914497
29.270666694641115,-0.2219888899061414,0.001166665818956029,-0.003688886430528389,0.00532221688164635
29.081666692097983,-0.22082222408718538,-0.0025222206115723604,0.001633330451117961,0.0006555599636494472
28.88200003306071,-0.22334444469875775,-0.0008888901604543994,0.0022888904147674084,0.004344446394179139
28.628333409627277,-0.22423333485921215,0.001400000254313009,0.006633336808946548,-0.008833338419596378
28.42500006357829,-0.22283333460489912,0.008033337063259557,-0.0022000016106498302,0.005744446648491319
28.261000061035155,-0.2147999975416396,0.005833335452609726,0.003544445037841489,-0.007622227138942605
28.190000089009605,-0.20896666208902986,0.009377780490451215,-0.0040777821011011165,0.004766674041747857
28.118333435058595,-0.19958888159857863,0.005299998389350098,0.0006888919406467409,-0.0029666709899904237
28.07033348083496,-0.19428888320922855,0.00598889032999684,-0.002277779049343683,0.004355557759603101
27.988000106811523,-0.1882999928792317,0.0037111112806531565,0.0020777787102594183,-0.002277781168619934
27.918666776021322,-0.18458888159857853,0.005788889990912575,-0.00020000245836051533,0.0022333357069229008
27.829000091552736,-0.17879999160766596,0.00558888753255206,0.0020333332485623855,-0.001988885667589339
27.74033342997233,-0.17321110407511392,0.0076222207811144456,4.444758097304676e-05,-0.002588893042669819
27.64266675313314,-0.16558888329399946,0.007666668362087492,-0.002544445461696772,-0.0008333354526100105
27.573333422342937,-0.15792221493191197,0.0051222229003907195,-0.0033777809143067826,0.0054111162821454195
27.516333452860515,-0.15279999203152125,0.001744441986083937,0.0020333353678386366,1.1107126871578998e-05
27.443000094095865,-0.1510555500454373,0.0037777773539225735,0.0020444424947102155,-0.0032333310445147607
27.336333401997884,-0.14727777269151474,0.005822219848632789,-0.0011888885498045453,0.0006333351135250354
27.25633341471354,-0.14145555284288194,0.0046333312988282435,-0.00055555343627951,0.002555552588569062
27.203666750590006,-0.1368222215440537,0.004077777862548733,0.0019999991522895518,-0.002922221289740771
27.157666714986167,-0.13274444368150498,0.0060777770148382855,-0.0009222221374512192,0.001355559031168833
27.09633337656657,-0.12666666666666668,0.005155554877387066,0.00043333689371761374,0.0027888827853730664
27.062000020345053,-0.12151111178927962,0.00558889177110468,0.00322221967909068,0.00010000440809463385
27.025666681925454,-0.11592222001817494,0.00881111145019536,0.003322224087185314,-0.004577785068088147
27.025333404541016,-0.10711110856797959,0.012133335537380673,-0.001255560980902833,0.0029111226399739583
27.060333442687988,-0.09497777303059891,0.010877774556477841,0.0016555616590711252,-0.0030444526672360676
27.18133347829183,-0.08409999847412107,0.012533336215548967,-0.0013888910081649422,0.001955555809868296
27.329000091552736,-0.0715666622585721,0.011144445207384024,0.0005666648017033538,-0.0009777747260197127
27.500000127156575,-0.06042221705118808,0.011711110009087377,-0.00041110992431635886,0.001133331722683432
27.654000155131023,-0.0487111070421007,0.01130000008477102,0.0007222217983670731,0.002288888295491394
27.809333483378094,-0.03741110695732968,0.012022221883138092,0.0030111100938584674,-0.00505555258856892
27.959333483378092,-0.02538888507419159,0.015033331976996559,-0.0020444424947104523,-0.0005111143324106374
28.12033348083496,-0.010355553097195032,0.012988889482286107,-0.0025555568271210896,-0.002477777269151815
