,950,2946,5862,1750,4714,3562,4769,3007,5746,2467,5330,5822,5995,4382,2873,3965,5081,1910,2423,3402,5115,3907,5940,4472,4092,4724,811,4884,4946,5283,5272,2492,2013,1656,814,2269,991,5412,3734,3084,2651,1425,4176,5606,1848,2363,753,4843,4201,2896,4655,1016,5441,1907,844,2315,1225,5404,3499,3631,2303,4476,1273,2647,2514,3187,2379,5585,5831,5261,1259,1294,1289,4871,1178,3069,2424,2771,1347,4073,4921,4721,2101,4517,1182,2986,2523,824,4839,4035,3929,2806,4493,1606,3558,3091,4604,4333,2926,4015
0,1049.47998046875,1214.989990234375,4132.14013671875,1427.0799560546877,2911.64990234375,1849.2299804687502,2590.75,1225.72998046875,3852.89990234375,1095.6199951171875,3915.5400390624995,4018.6000976562495,4171.330078125,2437.830078125,1300.260009765625,1982.339965820313,2508.590087890625,1497.2099609375,1009.0599975585939,1679.5899658203125,2815.010009765625,2110.550048828125,4458.1298828125,2550.6201171875,2050.22998046875,2776.8701171875,868.52001953125,2762.639892578125,2937.090087890625,3733.27001953125,3666.409912109375,1091.0699462890625,1414.0699462890623,1280.260009765625,858.4799804687499,890.4000244140626,1071.2099609375,4321.06982421875,2015.2900390625,1398.7900390625,1064.530029296875,1221.5899658203125,2182.239990234375,4394.2998046875,1491.469970703125,892.9600219726562,909.0300292968751,2873.989990234375,2127.860107421875,1352.3900146484375,2724.18994140625,1138.77001953125,4440.93994140625,1433.0400390625,939.2800292968751,797.9199829101562,1175.4300537109377,4274.4501953125,1808.68994140625,1949.369995117188,704.4400024414062,2557.169921875,1174.0699462890625,1095.6099853515625,1126.5999755859375,1400.0699462890625,919.9600219726562,4188.81982421875,3987.5500488281245,3634.179931640625,1183.739990234375,1211.3699951171875,1200.75,2820.3798828125,1123.9200439453125,1394.1700439453123,1026.5899658203123,1274.4100341796877,1159.3599853515623,2019.27001953125,3013.25,2877.530029296875,1404.4000244140625,2665.8701171875,1123.5,1263.8499755859377,1145.6800537109377,890.8099975585938,2828.27001953125,1888.6600341796875,2089.699951171875,1328.6400146484375,2584.0,1256.56005859375,1845.7900390625,1369.5699462890625,2675.39990234375,2350.419921875,1140.469970703125,2073.760009765625
1,1045.179801525876,1210.0552066755938,4130.832817819372,1424.8346019625233,2908.967231470216,1851.3172547583717,2582.426725910698,1230.4409341883734,3825.091018859015,1090.929176923678,3918.901816560788,4008.2338275243696,4191.589443257145,2438.5376736662574,1285.2610202125045,1973.9465367787145,2441.315719166317,1489.9450293832158,1011.8493090223946,1681.1497011334275,2824.99058984077,2115.330291859146,4447.156555729574,2553.864016681528,2052.579639700576,2787.3792636502876,865.2414406964864,2769.475260477083,2931.5575422734273,3740.3312443821246,3673.798664928763,1091.5604632598074,1419.2580847307122,1277.1304012695753,861.5202767279343,880.1777287860538,1073.7812615593175,4326.160085116907,2022.2305963371814,1399.5781018405717,1069.5159182223792,1223.9458423003493,2181.715656912544,4399.8349503458185,1496.3027728593638,897.8972100188577,912.4020953501961,2882.901088557156,2127.606350793631,1335.9354630962139,2731.2037991856882,1139.2720375814947,4436.929334187001,1436.385394903516,939.0914561775081,801.9121740781636,1172.393326258696,4278.33846934554,1803.9882040442783,1949.0468896646746,707.940358732533,2563.6740267506802,1176.703725341649,1092.960539831238,1129.304830251825,1398.8846419874212,919.244161846872,4219.183338567049,3977.451458081083,3626.9937217863103,1181.2611672692185,1214.5365981062632,1198.292655791653,2829.5667365072927,1128.0102866711022,1395.5521253543202,1025.1557546163656,1274.222674826062,1159.0929467232177,2018.4212279551086,3014.0830805123824,2864.817401812574,1404.5686228445347,2667.103099863096,1125.4718529248335,1261.5488183244129,1148.2009941422891,894.3482709690992,2837.417992972251,1899.9212604174315,2092.150605362086,1322.6153428530595,2580.6043660965956,1257.2706911313094,1846.269928262689,1370.3577272219043,2656.941604386526,2348.278170227676,1142.1368569542956,2064.4588064977856
2,1044.3299653237068,1206.3286279555227,4127.123785686728,1422.528886463271,2912.0729972718254,1849.4027999958669,2573.5537758177634,1233.5664252789031,3817.6223180585403,1083.7501703759965,3920.3422466793427,4004.9153186889143,4211.978587314219,2441.369931726742,1280.8755904557524,1972.9366425052133,2397.521519229267,1485.594381688391,1013.0611055350598,1680.0671566157089,2831.774309844163,2117.5328549038245,4435.350033218052,2555.476474991158,2056.1565831105786,2785.348555238647,863.1076213698973,2771.5419727595895,2931.091639557154,3743.5833249513157,3671.7242517384075,1092.4648493734155,1421.9268387535128,1278.3082531243106,862.6705682233106,881.2018777729555,1072.4670024468605,4329.530990639698,2025.6651651314942,1398.1998379859274,1072.4793266598688,1223.729481032527,2182.5085456395127,4405.233163672105,1495.9086303093768,902.8554598527177,915.4503296745254,2887.7024170955274,2129.8243770725403,1325.8392140107155,2737.4272644480725,1139.3344763420416,4441.568579586686,1437.0189015021035,934.6168644421022,804.4922807915727,1170.0006469166808,4280.602926030414,1803.9589395685211,1947.843276929817,704.9174222036785,2568.1501908803643,1179.489053236722,1087.1799235026042,1134.8266464034257,1399.363983304283,919.9315220323639,4243.068982400057,3956.7284674972893,3639.7277323254243,1177.837658575149,1219.359152477518,1196.7172938253236,2831.5525834584896,1128.906440188561,1396.0056067518872,1022.341070360725,1276.8484036016268,1161.7951875132046,2020.2113292789627,3010.0481552986985,2857.0926186773177,1410.5036286128793,2669.2703221708966,1125.0885697234623,1257.105210758952,1149.4274349331506,899.2493964358625,2841.233006911146,1907.3700206995654,2090.755854627104,1324.4663630797372,2576.997377811995,1258.3692322071574,1849.1196993266828,1367.1863288110628,2639.679658498793,2350.275987149103,1144.8550422832618,2062.529517655056
3,1031.0289673886984,1195.7912728759222,4111.107793118614,1421.650893235888,2930.4563292775824,1829.0778982571203,2544.276674676623,1204.234281527657,3817.381526189531,1033.9037563419363,3876.2579374095394,4030.336543952395,4228.383556782858,2447.037424180167,1282.5380202375136,1963.9977709306995,2463.4811988530787,1468.1544801330572,1003.812594720296,1673.5790624673027,2884.3149789346944,2118.7090411703925,4434.776249051774,2542.1533469745095,2071.623925189971,2767.596787376404,872.3473279857628,2755.644825919016,2918.4463347761975,3724.5497328894494,3641.8640142141085,1091.3832305989947,1462.0172443362626,1272.8165530232025,850.9214871610918,829.4848396573772,1060.4113852037708,4360.299971814835,2030.9157432174682,1386.0027835028516,1063.1290011732926,1217.5558883203782,2176.3124762262623,4438.125246857235,1506.849882853371,924.4675922421039,906.386833685467,2885.052440444402,2151.5946498543867,1342.9054970727639,2741.5240461294993,1137.2387482248034,4475.461019537788,1423.048068171911,940.7416217354362,804.9102042170938,1176.8504249191283,4287.282354149136,1821.028113200323,1953.5008054678783,739.2049917289171,2583.9314478247497,1169.2300076784413,1050.124193361829,1140.4975864355904,1397.8992474882946,904.7705536924099,4312.5595433098915,3927.6492831856863,3601.547173723496,1161.2059452165881,1219.6262527792796,1181.6671208517898,2827.145249808175,1114.7024487767906,1390.4527036121915,1034.7654658412926,1288.628597033364,1162.7932665770395,2017.5975327464519,2995.3103719152728,2841.17482465744,1421.471920386723,2677.023427848815,1125.8340220805578,1227.039191872734,1138.9165132522592,912.3440625299723,2836.899135050093,1967.6449011639158,2095.408032838276,1331.443347200666,2580.3014692960464,1247.8267239107408,1829.7337095233383,1370.1976706450323,2589.474550333024,2357.949690521785,1156.1918588720043,2056.1568556894586
4,772.6267899512313,1032.9155890262223,3824.10632832021,1454.0955871632248,3237.4351963229215,1452.0948196832878,2149.751833474574,561.0621097654225,3807.2346831941613,134.78298498302001,2997.4296110112514,4626.5824755773,4282.469033082558,2506.143327075521,1310.5309763672979,1744.1424164582713,4567.426903343757,1190.61860799944,791.7294441272556,1569.5164884885082,3850.538475029586,2116.259792946935,4511.573886018344,2244.3939690232887,2324.9395360151116,2527.1949593759205,1094.2792897502745,2366.733438447296,2626.068326690883,3185.6090681377896,3143.005988888682,1074.6516272625734,2283.4152445166374,1147.5414274404359,573.513956633975,-273.9161109417096,833.8828905675982,5021.1170765588,2101.1296815636906,1140.382312392077,806.4754135722204,1113.130844766755,2018.9327258953895,4997.07478896833,1759.856555409721,1311.2125865601092,653.8060335831977,2766.155221032669,2534.989006311758,1830.0451592956406,2737.1732802969764,1086.6053350855193,5057.944196933769,1153.702543230558,1161.1202360628777,769.5645943289967,1339.695804590468,4373.242439287778,2165.157134400477,2089.3257962658645,1567.8328531254867,2834.0348674263205,933.7622853887729,390.84415786270097,1156.8835069186084,1342.8672058399695,528.0505229245473,5410.825140484877,3632.7257615752187,2565.2919771860225,871.0393215330719,1121.5318358772229,869.9988266323238,2748.9051337678216,835.8465044832402,1280.5625567365064,1331.3706483462058,1468.2438715363817,1097.297011469013,1919.9473095674448,2810.2306602848594,2689.1263967484633,1538.6245217341109,2799.935109936476,1179.7915920781893,715.6039124647682,911.2068852105691,1104.2395439938182,2712.2860753554937,3098.5420007503194,2314.068136200895,1421.8997169030818,2687.92212171838,1010.5471854676586,1362.573318509812,1478.576280097754,1745.1762179703867,2449.280898506392,1342.0675473124634,1860.5496850370741
5,755.3637148776628,1035.508179887299,3816.2946501959277,1449.4478436882152,3227.1897713593103,1473.2186744106994,2150.8516230884698,554.6092341179813,3795.548243763483,140.6523135111153,3003.2989395393465,4604.191506306769,4255.19220027922,2484.309796968537,1283.0177553331241,1746.7350073193481,4544.487619148195,1174.984907062754,794.3220349883322,1572.0309100206275,3847.720680020108,2111.331412490339,4524.791918204697,2263.2791340257313,2303.929172266387,2530.008420151158,1080.7855868988786,2353.660791617614,2603.774693116004,3156.543621474909,3116.081670474373,1075.7290584171665,2280.323142644643,1139.4510117283521,552.0614819808779,-268.04678241361427,812.4304159145012,5013.174533822821,2084.5417561613554,1150.508965733037,816.6020669131808,1107.194311763795,2021.5253167564663,4980.3222946951755,1746.3628525583251,1289.1640296699802,632.3535589301007,2768.0216228466875,2529.5836705832903,1825.5892472446615,2735.48240252353,1081.4027913223244,5050.001654197789,1132.2500685774608,1156.5872323978517,774.701492782915,1348.1553751531887,4343.921846618376,2143.1085775103484,2053.1631092112425,1571.8171345625233,2813.024503677596,916.4992103152043,387.20260386800135,1157.685367092129,1343.4256143479229,522.7603694696934,5399.39581132812,3647.9128134904277,2571.1613057141176,849.5868468799748,1121.7785584748085,848.5463519792268,2756.1688249935696,820.2128035465546,1265.764526354017,1310.3602845974804,1438.8473992090467,1093.926054246383,1923.9183963293835,2811.330449898755,2692.7401869136147,1533.9767782591014,2763.772422881854,1182.3674654494728,699.233845468486,908.620850594701,1112.699114556539,2706.103788480455,3103.937780350513,2284.6716638735597,1397.5704280537643,2671.3341963160447,989.0947108145615,1364.096817762523,1451.0630590635803,1751.045546498482,2457.3447045031708,1324.6588370432871,1860.827356102755
6,742.8403337047909,1032.0954583298949,3788.5276823490894,1447.7522487145636,3212.8536713984745,1479.2946159600642,2134.462606204769,550.9370185679192,3807.7122672956552,127.69406663076401,2990.340692658995,4572.724811381607,4251.805373269625,2482.9334135165163,1271.5720511802524,1743.3222857619437,4523.628370076332,1163.3883279166075,790.9093134309281,1577.3287635863367,3823.5831616741616,2110.4828144864236,4515.6318638852235,2267.2501366096812,2304.6270342124035,2532.1873984225754,1078.2371912718975,2332.737687407008,2572.714577793176,3126.4768085294704,3086.8518070482664,1074.9399347695319,2275.95270779651,1131.6998414018922,537.259391792751,-281.00502929396555,797.6283257263743,4995.585199250874,2078.6319429316586,1149.4549007879198,815.548001968063,1104.003041228625,2018.1125951990623,4960.909139005992,1743.814456931344,1279.1102167024198,617.5514687419738,2770.070524622469,2520.939781949825,1816.842218892362,2737.686545018326,1081.282414678521,5032.412319625842,1117.447978389334,1158.2139419711666,783.7263813407727,1351.298379104311,4338.121206686206,2133.0547645427873,2040.9256393355438,1570.7119845704547,2813.7223656236124,903.9758291423324,380.1786523925731,1157.9819835787075,1346.9483625986315,520.4216445878152,5372.622388346889,3656.5104684514595,2558.203058833766,834.784756691848,1124.1551774834932,833.7442617910999,2754.966948239318,808.6162244004074,1259.9594797321704,1311.0581465434982,1426.5060270411857,1090.8942460547116,1926.119822117507,2794.9414330150544,2696.83132259057,1532.2811832854497,2751.534953006154,1181.108985184496,698.3341066893281,900.2847384494726,1115.842118507661,2696.3000219597425,3098.2381118269846,2272.3302917056994,1395.36489754418,2665.424383086348,974.2926206264347,1365.7110694967084,1439.6173549107086,1738.087299618131,2458.406765186952,1326.0273377734975,1850.2235429813898
7,719.21994140207,1007.9384353653119,3727.7215567933285,1453.7808634876333,3221.6245000671006,1456.7744349492707,2092.1011598671566,514.0207791077371,3844.8547384337026,64.69157401097114,2927.338200039202,4587.116262427276,4273.576614327436,2495.7935309642776,1279.1514655776991,1719.1652627973606,4607.597825121749,1137.3050488146846,766.7522904663452,1569.1712803722494,3857.2918775297367,2106.8012755399263,4473.243992377553,2243.8165700010504,2331.422360821596,2516.962402324398,1096.9814757461934,2289.0642335473726,2520.7717407413948,3059.0553212767413,3016.86547150538,1066.490070743474,2306.250335027141,1113.480081934041,508.82079513277216,-344.00752191375847,769.1897290663953,5022.018773679467,2083.466630468001,1127.656102639858,793.7492038200016,1093.5971301371733,1993.9555722344787,4986.704295564486,1762.5587414056401,1298.2072626800496,589.1128720819949,2759.0656590225854,2535.506025025027,1831.2476963118272,2738.022935227636,1081.5311408490365,5058.845894054435,1089.009381729355,1177.5010663712467,779.4355011452068,1365.9137664331406,4352.437172500114,2152.1518105204173,2047.6047072215656,1601.218206227488,2840.5176922328055,880.3554368396116,345.1832180670718,1161.3086303894597,1350.313423107142,497.9250659864853,5404.787906434669,3665.8613569731683,2495.200566213973,806.346160031869,1119.7356046973043,805.3056651311208,2742.6302534117144,782.532945298485,1245.8095614225895,1337.8534731526918,1438.0275410966774,1081.47068662874,1915.5581629397461,2752.5799866774423,2694.812330542757,1538.3097980585194,2758.214020892177,1181.899300033686,673.7723445574356,875.2947639991088,1130.4575058364908,2672.199228573354,3150.8379554600524,2283.8518057611905,1408.5415922368675,2670.2590706226897,945.8540239664557,1337.4062706481689,1447.1967693081554,1675.084806998338,2464.1317316621607,1349.098319505282,1818.3167206603523
8,404.2811438009964,638.2847199372736,3063.574037480269,1603.3031321275819,3624.2869900862315,1028.4913798696311,1573.0502279162702,-247.89012079860777,4252.846843693723,-924.2974609058601,1938.3491651223708,5435.412030503612,4584.674072908621,2768.278169143372,1533.313255707802,1349.511547369321,6860.988273815089,790.6525486272033,397.0985750383051,1316.140502189092,4978.699147221464,2017.548934146047,3958.3910818774043,1796.933044526908,2713.6084054244134,2223.3862533298466,1447.611701572585,1734.8178739356217,2000.90482011388,2258.8455685879067,2164.630318373196,880.5600814404949,3033.5787084831227,821.2210782892075,138.64202295985797,-1332.9965568305897,399.0109568934811,5865.483167139691,2293.387398083842,746.3185861430478,412.41168732319136,825.6385856292127,1624.3018568064385,5810.491474052456,2113.1889672320312,1741.7728394042442,218.93409990908071,2466.93377296444,2989.888549061186,2308.1836790829316,2703.118546948487,1061.9063968977348,5902.310287514661,718.8306095564408,1481.6233450451784,516.1065924298416,1617.8537568864463,4682.930664521781,2595.717387244612,2320.638039793335,2362.034637605409,3222.7037368356227,565.4166392385379,-347.86559676805757,1224.1387625242255,1344.048168646774,54.21351920317261,6533.176143020121,3750.095819388175,1506.2115312971423,436.1673878589547,904.5715916045563,435.1268929582067,2541.82701698909,435.8804451110035,948.6459227941592,1720.039517755508,1760.8517816065091,915.3875605084121,1676.1984810979811,2233.5290547265554,2665.0809044943658,1687.8320666984678,3031.247353463946,1218.5987234071863,57.61154208178414,524.8832696558461,1382.3974962897962,2331.895026500964,4325.323614403557,2606.6760462710226,1681.196459266256,2880.179838238531,575.6752517935415,680.490488987444,1701.3585594382582,686.0957720815072,2650.2095978870393,1700.7613117743076,1378.4873604623826
9,396.19072808891235,640.8773107983502,3068.0679872878777,1598.6553886525724,3611.0491220872746,1038.6180332105912,1574.1500175301655,-251.53167479330736,4223.994085067295,-919.4094264704398,1911.4248467080613,5418.659536230458,4555.821314282193,2743.948880294054,1497.1505686531796,1352.104138230398,6829.818065228528,782.5621329151192,399.6911658993818,1318.6549237212114,4964.099225842891,2011.4512940216316,3947.8637466106766,1797.2107155925887,2684.211933097078,2226.1997141050842,1438.234513705255,1735.917663549517,2002.0046097277755,2228.264491239334,2134.0492410246234,878.4435410071563,3039.208962603285,815.2845452862475,121.37894788628948,-1328.1085223951693,381.7478818199126,5851.462276118537,2276.5656341349827,748.9111770041244,415.004278184268,819.7020526262527,1626.8944476675154,5793.738979779302,2103.8117793647007,1720.7624756555188,201.67102483551218,2469.7472337396775,2971.870628347806,2286.135122192803,2699.969635530761,1053.0569804372906,5888.2893964935065,701.5675344828722,1485.9726605274352,520.0776791917806,1623.489137724987,4682.156325076206,2574.7070234958874,2296.308750944017,2368.099094975258,3193.3072645082875,557.3262235264538,-346.34209751534684,1228.7368457060502,1346.2796845587238,64.34017254413291,6518.576221641549,3718.0154091357003,1479.2872128828328,418.90431278538625,893.0631612152662,417.86381788463825,2544.640477764328,427.79002939891944,951.160344326278,1690.643045428173,1724.6890945518867,917.9149230130033,1674.081940664642,2234.628844340451,2667.5136517286514,1683.1843232234583,3006.9180646146283,1219.6699804981388,38.192772172647,527.4758605169227,1388.0328771283368,2341.639684812116,4334.126609521346,2570.5133592164007,1664.3746953173973,2863.3580742896715,558.412176719973,664.1204219911618,1665.1958723836358,684.6865978749378,2657.2543572825944,1671.3648394469726,1378.7650315280634
10,388.4395577624529,637.4645892409461,3042.58548771864,1596.9597936789207,3606.3828693713954,1037.5639682654735,1557.7610006464654,-258.5556262687357,4197.565028068265,-925.328980229856,1882.1949832819553,5399.246380541274,4529.392257283163,2741.74334978447,1484.913098777481,1348.6914166729935,6786.069836188784,774.8109625886598,396.2784443419775,1323.9527772869205,4934.772757103977,2011.8571543594558,3924.150392691815,1786.6069024712235,2671.870560929218,2228.3786923765015,1435.7876236290037,1719.528646665817,1985.6155928440755,2188.7808509011597,2094.565600686449,882.8587238808332,3045.64198339494,812.0932747510774,108.85556671341747,-1334.0280761545857,369.2245006470406,5828.650295793332,2268.0279450047715,745.4984554467203,411.5915566268637,816.5107820910825,1623.481726110111,5774.325824090119,2101.364889288451,1721.4603376015366,189.14764366264026,2471.926212011095,2962.8986430488676,2276.081309225242,2698.4573904424337,1049.9015606800685,5865.477416168301,689.0441533100003,1488.8183821384782,522.2791049799041,1625.2924781694235,4685.132561768573,2575.404885441904,2294.103220434433,2373.422580491717,3180.965892340427,549.5750531999943,-344.72784578116125,1233.1638438814693,1346.9605695782113,63.28610759901508,6489.249752902634,3692.7715864777315,1450.0573494567268,406.38093161251425,889.8354547015166,405.3404367117663,2546.819456035745,420.03885907245996,956.4581978919878,1678.301673260312,1712.4516246761882,919.493140182363,1678.4971235383193,2218.2398274567504,2669.3272745696436,1681.4887282498066,3004.712534105044,1218.7171920986273,25.74780473518653,524.0631389595186,1389.8362175727734,2341.227316129537,4325.997180435486,2558.275889340701,1655.837006187185,2854.8203851594603,545.888795547101,663.2206832120039,1652.9584025079373,674.3725188796913,2657.4983161932514,1659.0234672791116,1368.1612184066983
11,370.21979829460105,613.3075662763634,2977.3484571013278,1602.9884084519904,3625.0925428576634,1015.7651701174124,1515.3995543088527,-293.5510605942371,4205.351383270662,-977.9384811384682,1812.208647739069,5425.041537099768,4537.178612485561,2754.9200444771573,1491.5921666635033,1324.5343937084103,6836.149231137886,756.5912031208079,372.1214213773949,1315.7952940728333,4949.372894431284,2005.3203458401647,3873.6201929493996,1754.700080150186,2683.392074984709,2213.1536962783243,1452.0734413279424,1677.1672003282042,1943.2541465064628,2111.929043760767,2017.7137935460562,878.1693189492684,3082.9766622767834,801.6873636596256,85.23517441069684,-1386.637577063198,345.60410834431985,5848.081368782408,2268.5890000250865,721.3414324821373,387.43453366228084,806.1048709996307,1599.324703145528,5800.120980648612,2117.650706987389,1748.25566421073,165.52725135991955,2456.7012159129176,2979.7551248404184,2295.178355202872,2695.223865936197,1049.494668948865,5884.908489157377,665.4237610072795,1502.1080310819693,511.71744580214306,1637.4115086619154,4709.338458964639,2602.200212051097,2307.2799151271206,2408.4538433922494,3192.4874063959182,531.3552937321424,-373.0326446297008,1239.7803775444324,1348.3637348759132,41.48730945095363,6503.849890229942,3684.560470854273,1380.0710139138405,382.7605393097935,883.7836698489018,381.72004440904556,2531.594459937568,401.8190996046081,948.3007146779003,1689.8231873158038,1719.1306925622105,913.7465827347457,1673.8077186067546,2175.878381119138,2674.453608806826,1687.5173430228763,3017.889228797732,1219.7321602614124,-8.811181997619784,499.90611599493593,1401.9552480652653,2321.1719630865264,4369.05498972181,2564.9549572267247,1656.3980612075009,2855.3814401797754,522.2684032443802,638.6589210801114,1659.6374703939598,621.9313052808188,2663.434556150164,1670.5449813346036,1336.2543960856608
12,77.96079464976765,243.6538508483249,2312.1576903636915,1752.5106770919385,4021.5893921142133,634.427653620602,996.3486223579657,-986.5998754293669,4744.018187824929,-1871.318906735035,959.9734946068857,6248.828715587739,5075.845417039828,3027.5749115065464,1764.625499235272,954.8806782803725,8546.655265170068,464.3321994759744,2.467705949356457,1062.7645158896755,5795.655579696828,1868.6623099291348,3329.6434105857065,1314.8707199522164,3006.216315494541,1919.5775472837727,1788.9487463543687,1158.1162683773182,1424.2032145555759,1345.0964047918046,1250.8811545770936,642.3044686346112,3725.9546230071883,533.7288191516645,-229.70362319037724,-2280.0180026597645,30.665310743245865,6604.834333043924,2498.272068090683,351.6877170540974,17.78081823424094,538.1463264916697,1229.6709877174897,6623.908159136583,2454.5260120138155,2130.441708813546,-149.4115462411545,2163.125066918366,3368.106810205817,2738.743931927066,2645.449118533217,1044.029802672371,6641.661453418892,350.48496340620534,1756.833787007162,272.35776396037784,1887.958275448591,5155.430236539384,2984.3862566539133,2579.9347821565098,3075.634401858264,3515.31164690575,239.09629008730911,-1029.948426290426,1309.8651812324297,1382.189926975973,-339.8502070458566,7350.132575495485,3976.809272836971,527.8358607816572,67.82174170871951,692.8442551744723,66.78124680797157,2238.018310943017,109.5600959597748,695.2699364947428,2012.6474278256358,1992.16402513398,764.9688057949636,1437.9428682920975,1656.8274491682516,2765.4512011718707,1837.0396116628249,3290.5440958271215,1255.0098147344384,-610.0926494209011,130.2524005668974,1652.5020148519409,2002.5679577500487,5441.600987731713,2837.9882897984935,1886.0811292730975,3085.0645082453725,207.32960564330608,22.49811860446016,1932.670802965729,-255.76972118299955,2860.52156387786,1993.3692218444357,896.4250358876913
13,72.02426164680773,246.24644170940152,2316.6516401713,1747.862933616929,3992.192919786878,637.0202444816786,997.4484119718611,-985.0763761766565,4715.1654291985005,-1874.9604607297347,929.3924172583124,6206.707537923369,5046.9926584134,3010.753147557687,1740.2962103859545,957.4732691414491,8527.651995118817,458.3956664730145,5.060296810433069,1065.2789374217948,5787.7130369608485,1861.892238639378,3319.116075318979,1315.1483910178972,2970.053628439919,1922.3910080590103,1784.4157426893428,1159.2160579912136,1425.3030041694713,1316.8202508696756,1222.6050006549647,650.9083566566432,3726.8828707496245,527.7922861487045,-237.79403890246135,-2283.6595566544643,22.574895031161777,6590.81344202277,2481.450304141824,354.2803079151741,20.373409095317545,532.2097934887097,1232.2635785785665,6607.155664863429,2447.162843061062,2101.045236486211,-157.5019619532386,2165.9385276936036,3338.710337878482,2717.7335681783416,2644.2756023088828,1042.5281165949389,6627.640562397738,342.3945476941213,1762.4691678457027,270.24122352703915,1893.5936562871316,5154.655897093809,2954.989784326578,2563.1130182076504,3071.582589746464,3479.148959851128,233.15975708434922,-1046.3184932867084,1315.9394472319407,1387.1362569679993,-337.2576161847799,7333.380081222331,3944.7288625844963,497.2547834330836,59.73132599663543,687.8340591337878,58.69083109588748,2240.8317717182545,103.62356295681488,697.7843580268616,1976.4847407710133,1967.8347362846625,767.4961682995548,1446.5467563141292,1657.927238782147,2771.141662589506,1832.3918681878154,3273.722331878262,1256.0810718253908,-620.9593411071826,132.84499142797404,1658.1373956904815,2005.3814185252863,5446.88154161862,2813.6590009491756,1869.2593653242388,3068.242744296513,199.23918993122197,3.079348695323014,1908.3415141164116,-268.5198054724304,2867.566323273415,1957.2065347898133,896.7027069533722
14,68.8329911116375,242.8337201519974,2291.1691406020623,1746.1673386432774,3979.8515476190178,633.6075229242745,981.0593950881612,-983.4621244424702,4688.736372199471,-1881.9844122051622,889.9087769201388,6168.982098133851,5020.56360141437,3002.215458427476,1738.0906798763701,954.0605475840451,8489.931745491847,455.20439593784425,1.6475752530289434,1070.576790987504,5770.123702388902,1859.0104481537774,3295.402721400117,1304.544577896532,2957.816158564219,1924.5699863304271,1786.0424522626577,1142.8270411075134,1408.913987285771,1273.6489584596839,1179.4337082449729,651.4773436437969,3726.835046241683,524.6010156135345,-245.5452092289208,-2290.6835081298927,14.823724704702345,6568.001461697564,2472.9126150116126,350.86758635776977,16.960687537913426,529.0185229535396,1228.850857021162,6587.742509174245,2445.4593046369505,2088.70386431835,-165.253132279698,2168.117505965021,3326.3689657106215,2718.431430124358,2642.291804886718,1039.8377908847278,6604.828582072532,334.6433773676618,1764.2725082901393,274.65640640071626,1895.3969967315682,5157.632133786176,2942.6484121587177,2554.575329077439,3070.556077288732,3466.911489975428,229.96848654917895,-1047.218232065866,1321.3258481195548,1389.8919940849348,-340.67033774218424,7313.966925533147,3919.4850399265274,457.77114309491037,51.98015567017599,689.2586925717064,50.939660769428045,2243.0107499896717,100.43229242164465,703.0822115925713,1964.2472708953148,1965.6292057750782,769.0743854689146,1447.1157433012836,1641.5382218984469,2773.512629866733,1830.6962732141637,3265.184642748051,1255.1282834258793,-625.5729721773907,129.43226987056994,1659.940736134918,2007.560396796703,5440.761077815442,2811.4534704395915,1860.7216761940265,3059.705055166302,191.48801960476257,-9.365618742137443,1906.1359836068273,-276.5865462583228,2867.810282184072,1944.9690649141148,886.0988938320071
15,58.42708002018583,218.67669718741462,2225.93210998475,1752.195953416347,3991.3730616745092,609.4504999596915,938.6979487505484,-1011.7669232910104,4696.522727401868,-1916.979846530664,813.0569697797459,6183.954149155332,5028.3499566167675,3002.776513447791,1751.2673745690577,929.9035246194625,8528.644148444688,444.7984848463925,-22.509447711553854,1062.4193077734167,5796.557276817494,1850.924366834336,3244.872521657702,1272.6377555754946,2964.495226450243,1909.34499023225,1805.3295766627377,1100.465594769901,1366.5525409481584,1199.9389126337321,1105.7236624190211,637.2802700575478,3754.7501502828177,514.1951045220826,-263.76496869677266,-2325.6789424553936,-3.396034763149512,6587.432534686641,2473.4736700319277,326.71056339318716,-7.196335426669371,518.6126118620878,1204.693834056579,6613.537665732739,2461.943383909469,2100.225378373842,-183.47289174754988,2152.8925098668433,3337.890479766113,2745.226756733551,2638.314575069374,1039.2077779155306,6624.259655061609,316.4236178998099,1776.3915387826312,269.9670014691516,1907.51602722406,5181.838030982242,2954.1699262142088,2555.136384097754,3100.8725111716826,3473.5905578614515,219.56257545772726,-1071.7799941977582,1328.4656542848634,1394.3845709666261,-364.8273607067672,7339.762082091641,3911.2739243030687,380.9193359545174,33.76039620232413,686.6810827918453,32.719901301576186,2227.7857538914946,90.02638133019298,694.9247283784837,1970.9263387813376,1978.805900467766,763.3278280212971,1432.918669715034,1599.176775560834,2781.931597231451,1836.7248879872334,3265.745697768366,1256.1432515886645,-651.9242856372003,105.27524690598707,1672.05976662741,1992.335400698526,5476.4075657479925,2824.6301651322788,1861.2827312143427,3060.266110186617,173.2682601369107,-43.92460547494376,1919.312678299515,-313.3344984087652,2873.746522140985,1951.6481328001378,854.1920715109696
16,-209.53146448777537,-150.97701824062375,1560.7413432471135,1901.7182220562959,4314.197302184341,239.79678453165155,419.64701679966197,-1668.6827049517356,5235.1895319561345,-2610.0286613657936,46.22433081078316,6977.304685146075,5567.016761171033,3232.4595815133885,2023.9222415984461,560.249809191424,10018.727700639964,176.83994033843146,-392.1631631395922,809.3885295902589,6640.02167027772,1699.6601596889284,2700.8957392940088,832.808395377525,3237.5285590220114,1615.7688412376988,2109.4518553366697,581.4146628190143,847.5016089972725,535.3796492298264,441.16439901511546,411.0470605153084,4332.8232934813395,246.23656001412155,-556.0239723416059,-3018.727757290523,-295.65503840798283,7344.185498948155,2703.1567380975243,-42.943152034851266,-376.8500508547077,250.6540673541267,835.040118628541,7437.324844220707,2769.4708530884523,2423.0496188836732,-475.7318953923832,1859.316360872292,3660.714720275945,3127.4128013363675,2580.1797833190976,1063.652155298124,7381.012619323124,24.16461425497664,2026.938305569307,34.10215115449421,2158.062794010736,5627.929808556987,3276.994166724041,2784.8194521633513,3711.6060869940584,3746.6238904332213,-48.395969050233816,-1687.9407966734095,1398.7355264337814,1467.9169432876088,-734.4810761348067,8163.54926057961,4203.522726285767,-385.9133030144453,-258.4986074425092,504.24592501597454,-259.5391023432571,1934.2096048969427,-177.93216317776796,441.8939501953261,2243.959671353107,2251.460767497155,614.5500510815152,1206.6854601727946,1080.125843609947,2962.4383882527686,1986.2471566271822,3495.428765833963,1291.4209060616904,-1155.2057891927586,-264.37846852205126,1922.606533414086,1698.759251703975,6390.990601665122,3097.285032161668,2090.965799279939,3289.949178252213,-118.99074350792263,-645.2060728982251,2191.9675453289037,-1059.5659991823622,3070.8335298686816,2224.681465371907,414.3627113129998
17,-215.46799749073526,-148.38442737954713,1565.2352930547215,1897.0704785812864,4278.034615129719,242.38937539272817,420.74680641355724,-1685.052771948018,5206.336773329706,-2608.505162113083,17.9481768886545,6963.233197656479,5538.164002544605,3215.637817564529,2007.1004776495874,562.8424000525006,10024.123480240161,170.90340733547157,-389.5705722785155,811.9029511223778,6626.114019201872,1692.8900883991716,2690.368404027281,833.0860664432059,3213.1992701726936,1618.5823020129365,2113.801170818927,582.5144524329097,848.6013986111678,520.1196700620656,425.9044198473543,419.65094853734047,4322.897514972242,240.30002701116166,-561.960505344566,-3017.2042580378125,-301.5915714109427,7330.164607927001,2686.334974148665,-40.35056117377466,-374.257459993631,244.71753435116682,837.6327094896176,7420.5723499475525,2771.266239544252,2386.8869318290513,-481.6684283953431,1862.1298216475298,3624.552033221323,3098.0163290090322,2579.009443869181,1064.9240851685859,7366.99172830197,18.228081252016732,2032.5736864078476,42.70603917652622,2163.6981748492776,5627.155469111412,3240.831479669419,2767.997688214492,3699.8477818665374,3722.2946015839034,-54.33250205319374,-1707.3595665825467,1399.9408433492542,1473.6693859592015,-731.8884852737301,8146.7967663064555,4171.442316033292,-414.189456936574,-264.4351404454691,500.74388063287,-265.475635346217,1937.0230656721803,-183.86869618072785,444.40837172744517,2219.630382503789,2234.6390035482955,617.0774135861064,1215.2893481948263,1081.2256332238424,2968.1288496704037,1981.5994131521727,3478.6070018851037,1292.492163152643,-1160.495942647613,-261.78587766097456,1928.2419142526267,1701.5727124792127,6376.801555528834,3080.4632682128085,2074.1440353310795,3273.127414303354,-124.92727651088256,-656.0727645845066,2175.1457813800444,-1079.4266420186116,3077.8782892642366,2200.352176522589,414.6403823786807
18,-218.65926802590553,-151.79714893695123,1539.7527934854843,1895.3748836076347,4265.797145254021,238.97665383532404,404.3577895298574,-1685.9525107271752,5179.9077163306765,-2606.890910378897,-25.223115521337757,6952.586811939597,5511.734945545575,3207.100128434318,1998.5627885193753,559.4296784950965,10018.423811716628,167.7121368003013,-392.9832938359198,817.2008046880875,6604.801066990591,1690.008297913571,2666.6550501084193,822.4822533218409,3210.9937396631094,1620.7612802843532,2116.6468924299693,566.1254355492098,832.2123817274678,496.0204015101945,401.80515129548365,420.21993552449413,4314.105002784346,237.10875647599138,-565.1517758797361,-3015.5900063036265,-304.78284194611297,7307.352627601796,2677.7972850184537,-43.76328273117879,-377.67018155103534,241.52626381599654,834.2199879322135,7401.159194258369,2770.771032193804,2374.6494619533514,-484.85969893051333,1864.3087999189465,3612.3145633456234,3085.674956841172,2578.048335856552,1063.4403565055939,7344.179747976765,15.036810716846496,2034.3770268522842,43.27502616367998,2165.501515293713,5630.131705803779,3228.594009793719,2759.4599990842808,3688.433792244416,3720.0890710743192,-57.52377258836397,-1719.8045340200072,1401.6355509597956,1478.8562308103433,-735.3012068311342,8127.383610617272,4146.198493375325,-457.36074934656625,-267.62641098063926,500.339131080422,-268.6669058813872,1939.2020439435971,-187.05996671589813,449.70622529315455,2217.424851994205,2226.1013144180843,618.6556307554662,1215.8583351819807,1064.8366163401422,2970.4998169476307,1979.903818178521,3470.0693127548925,1291.5393747531314,-1162.8346675294904,-265.19859921837883,1930.0452546970632,1703.7516907506295,6370.915679870497,3071.9255790825973,2065.606346200868,3264.5897251731426,-128.11854704605275,-660.6863956547147,2166.608092249833,-1105.592079113515,3078.1222481748937,2198.146646013005,404.0365692573157
19,-229.06517911735716,-175.95417190153407,1474.5157628681727,1901.4034983807041,4272.476213140042,214.81963087074126,361.9963431922447,-1710.5142728590681,5187.694071533074,-2635.1957092274365,-98.93316134728943,6978.615081035357,5519.521300747972,3207.661183454633,1999.1238435396915,535.2726555305138,10071.023655349692,157.30622570884958,-417.14031680050243,809.0433214739999,6626.107158651612,1681.92221659413,2616.124850366004,790.5754310008034,3224.170434355797,1605.536284186176,2129.936541373461,523.7639892115969,789.8509353898551,455.3033123964177,361.0880621817066,406.02286193824494,4328.200671897401,226.70284538453964,-575.5576869711879,-3043.894805152166,-315.18875303756465,7326.783700590871,2678.358340038769,-67.92030569576158,-401.82720451561795,231.1203527245448,810.0629649676306,7426.954350816863,2782.454929841796,2381.3285298393753,-495.26561002196513,1849.0838038207694,3618.993631231647,3097.196470896663,2574.484824106386,1063.0405118938445,7363.610820965841,4.630899625394811,2046.4960573447763,29.07795257743073,2177.6205457862047,5654.337602999845,3235.273077679743,2760.021054104596,3701.804080655393,3733.2657657670065,-67.92968367981564,-1754.3635207528132,1406.6560232872012,1485.665751072098,-759.4582297957171,8153.178767175765,4137.987377751864,-531.0707951725179,-278.032322072091,495.7846733933659,-279.07281697283895,1923.9770478454197,-197.46587780734978,441.54874207906715,2230.6015466868926,2226.6623694383993,612.9090733078488,1201.661261595731,1022.4751700025296,2978.918784312349,1985.9324329515907,3470.6303677752076,1292.5543429159165,-1185.3312461308205,-289.3556221829616,1942.1642851895551,1688.5266946524525,6404.910138052702,3072.4866341029124,2066.1674012211834,3265.1507801934576,-138.52445813750444,-687.0377091145243,2167.1691472701486,-1154.6315010017,3084.0584881318064,2211.3233407056928,372.129746936278
20,-497.0237236253183,-545.6078873295723,809.324996130535,2050.925767020653,4545.509545711813,-154.8340845572971,-157.054588758642,-2326.6750753347196,5726.360876087341,-3292.111490888162,-763.4924247511942,7634.396113373027,6058.188105302239,3437.34425152023,2228.8069116052875,165.61894010247528,11245.509314293198,-110.65231879911153,-786.7940322285408,556.0125432908424,7389.977676969545,1530.6580094487215,2072.148068002311,350.74607080283363,3496.8253013851863,1311.9601351916249,2384.6622972986534,4.713057260710457,270.8000034389686,-93.50138731576317,-187.71663753047415,179.78965239600538,4789.994993291409,-41.25569912342144,-843.5162314791489,-3700.8105868128914,-583.1472975455258,8083.536664852388,2908.041408104365,-437.5740211237999,-771.4809199436563,-36.83819178341628,440.409249539592,8250.741529304833,3042.7774857792347,2654.3618624111446,-763.2241545299262,1555.5076548262182,3892.0269638034165,3420.020711406495,2509.258381283072,1088.6393296165395,8120.363785227357,-263.32764488256635,2297.042824131452,-197.15525696480873,2428.167312572881,6100.42938057459,3508.3064102515123,2989.7041221701925,4186.037060777847,4005.920632796395,-335.8882281877768,-2355.6449881760946,1475.5114329432793,1559.1644149035694,-1129.1119452237554,8976.965945663735,4430.236179734563,-1195.6300585764236,-545.9908665800522,319.8145349559022,-547.0313614808001,1630.4008988508692,-465.42442231531095,188.51796389590953,2503.2564137162817,2456.3454375039964,464.1312963680668,975.4280520534918,503.42423805164304,3159.4255753336656,2135.454701591539,3700.3134358408047,1327.8319973889425,-1629.0427929141333,-659.0093376109999,2192.711051976231,1394.9505456579013,7164.368844719507,3302.16970216851,2295.8504692867796,3494.8338482590534,-406.4830026454656,-1190.3192126700822,2396.8522153357453,-1813.9887580833638,3281.1454958595027,2483.978207735082,-67.69961326169164
21,-502.9602566282782,-543.0152964684958,813.8189459381433,2046.2780235456435,4521.180256862496,-152.2414936962205,-155.9547991447467,-2346.093845243857,5697.508117460913,-3308.4815578844446,-778.7524039189551,7605.543354746599,6029.335346675811,3420.5224875713707,2211.985147656428,168.2115309635519,11242.691519283724,-116.58885180207145,-784.2014413674642,558.5269648229612,7393.539933615608,1523.8879381589647,2061.6207327355833,351.02374186851455,3480.003537436327,1314.7735959668626,2390.297678137195,5.8128468746057695,271.89979305286386,-108.76136648352426,-202.97661669823518,188.39354041803742,4769.65942502697,-47.19223212638136,-849.4527644821089,-3717.180653809174,-589.0838305484858,8069.515773831234,2891.2196441555056,-434.9814302627232,-768.8883290825797,-42.774724786376204,443.0018404006687,8233.989035031676,3044.5728722350345,2630.0325735618267,-769.1606875328862,1558.3211156014559,3867.6976749540986,3383.858024351873,2507.1357144123135,1089.9112594870014,8106.342894206203,-269.26417788552624,2302.6782049699937,-188.5513689427767,2433.8026934114228,6099.6550411290145,3483.9771214021944,2972.882358221333,4163.988503887717,3989.0988688475354,-341.8247611907367,-2366.511679862376,1486.5735101115147,1564.916857575162,-1126.5193543626785,8960.213451390578,4398.155769482088,-1210.890037744185,-551.9273995830122,316.4435777332726,-552.9678944837601,1633.214359626107,-471.36095531827084,191.03238542802856,2486.4346497674223,2439.523673555137,466.6586588726581,984.0319400755237,504.5240276655383,3165.1160367513007,2130.8069581165296,3683.4916718919453,1328.903254479895,-1618.9161395731733,-656.4167467499233,2198.3464328147725,1397.764006433139,7149.4365533667515,3285.3479382196506,2279.02870533792,3478.012084310194,-412.4195356484255,-1195.6093661249365,2380.030451386886,-1827.0614049130465,3288.1902552550578,2467.1564437862226,-67.42194219601072
22,-506.1515271634485,-546.4280180258999,788.3364463689057,2044.5824285719923,4518.9747263529125,-155.65421525362459,-172.34381602844655,-2358.5388126813173,5671.079060461883,-3309.381296663602,-802.8516724708261,7579.114297747569,6002.906289676781,3411.9847984411595,2203.447458526217,164.79880940614783,11218.554000937771,-119.78012233724168,-787.6141629248683,563.8248183886709,7383.574524274441,1521.006147673364,2037.907378816722,340.41992874714947,3471.4658483061157,1316.9525742382793,2392.1010185816303,-10.576170009094119,255.51077616916405,-132.86063503539503,-227.0758852501061,188.96252740519114,4761.848138772812,-50.38350266155159,-852.6440350172791,-3718.0803925883315,-592.275101083656,8046.703793506028,2882.6819550252944,-438.39415182012755,-772.3010506399838,-45.96599532154643,439.58911884326443,8214.575879342496,3044.0776648845863,2627.8270430522425,-772.3519580680563,1560.5000938728726,3865.4921444445145,3371.6205544761733,2507.5580918996448,1088.4275308240094,8083.530913880997,-272.4554484206965,2304.481545414429,-187.98238195562297,2435.606033855858,6102.631277821382,3481.77159089261,2964.344669091122,4153.934690920157,3980.561179717324,-345.01603172590694,-2371.1253109325844,1494.2063267557426,1570.103702426304,-1129.932075920083,8940.800295701394,4372.911946824121,-1234.9893062960555,-555.1186701181823,313.4117695416009,-556.1591650189303,1635.3933378975237,-474.5522258534411,196.330238993738,2477.896960637211,2430.985984424926,468.23687604201774,984.6009270626774,488.1350107818386,3167.4870040285277,2129.111363142879,3674.953982761734,1327.9504660803834,-1619.9702045182905,-659.8294683073274,2200.149773259208,1399.9429847045558,7144.888984067687,3276.8102490894394,2270.491016207709,3469.474395179983,-415.61080618359574,-1197.948091006814,2371.4927622566747,-1847.984509123653,3288.4342141657153,2458.6187546560113,-78.0257553173758
23,-516.5574382549003,-570.5850409904826,723.0994157515942,2050.6110433450613,4532.1514210456,-179.81123821820742,-214.7052623660593,-2393.097799414124,5678.865415664281,-3333.943058795494,-843.5687615846031,7586.900652949966,6010.692644879178,3412.5458534614745,2204.008513546532,140.64178644156496,11252.26271679335,-130.18603342869335,-811.7711858894512,555.6673351745833,7411.351995103308,1512.9200663539232,1987.377179074306,308.5131064261118,3472.026903326431,1301.7275781401027,2404.220049074122,-52.93761634670682,213.1493298315513,-173.57772414917198,-267.792974363883,174.76545381894192,4780.195398548498,-60.78941375300327,-863.0499461087309,-3742.6421547202235,-602.6810121751078,8066.134866495103,2883.2430100456095,-462.55117478471016,-796.4580736045667,-56.37190641299811,415.4320958786817,8240.371035900987,3055.7615625325784,2641.0037377449303,-782.7578691595081,1545.2750977746955,3878.668839137202,3378.299622362197,2505.8545628474035,1088.02768621226,8102.961986870073,-282.86135951214817,2316.6005759069208,-202.1794555418722,2447.72506434835,6126.837175017448,3494.948285585298,2964.905724111437,4173.031736897788,3981.1222347376392,-355.4219428173586,-2397.4766243923937,1501.4854937321152,1576.9132226880586,-1154.089098884666,8966.595452259891,4364.70083120066,-1275.7063954098326,-565.5245812096341,303.98821011562904,-566.565076110382,1620.1683417993468,-484.9581369448929,188.1727557796506,2478.458015657526,2431.547039445241,462.4903185944005,970.4038534764283,445.7735644442257,3175.905971393246,2135.1399779159474,3675.515037782049,1328.9654342431686,-1641.7690026663522,-683.9864912719103,2212.2688037516996,1384.7179886063786,7178.968076398605,3277.3713041097544,2271.052071228024,3470.035450200298,-426.01671727504754,-1220.444669608144,2372.05381727699,-1891.6579629832875,3294.3704541226275,2459.1798096763264,-109.93257763841348
24,-784.5159827628613,-940.238756418521,57.908649013956506,2200.13331198501,4804.806288074988,-549.4649536462457,-733.7561943169455,-2994.3792668374053,6217.532220218547,-3950.1038612711454,-1392.3734612967842,8125.567457504233,6549.359449433445,3642.2289215270707,2433.6915816121286,-229.01192898647338,12373.669986485078,-398.1445779366545,-1181.4249013174895,302.6365569914257,8186.678687772004,1361.6558592085141,1443.4003967106132,-131.31625377185787,3701.709971392028,1008.1514291455511,2654.7668158607985,-571.9885482975931,-305.9016021193354,-722.3824238613529,-816.5976740760639,-51.46775572329753,5186.041264814814,-328.7479582609644,-1131.008490616692,-4358.802957195875,-870.6395566830688,8822.88783075662,3112.9260781112057,-832.2048902127484,-1166.111789032605,-324.33045092095927,45.7783804506434,9064.158214388957,3316.0841184700166,2913.6586047743194,-1050.7164136674692,1251.6989487801443,4151.323706166591,3651.3329549339664,2431.5789539012017,1113.626503934955,8859.71495113159,-550.8199040201093,2567.1473426935972,-428.41266508411155,2698.2718311350263,6572.928952592193,3767.603152614688,3194.588792177033,4616.597313621982,4210.805302803237,-623.3804873253198,-2900.758127947952,1565.7928969028978,1650.4118865195298,-1523.7428143127042,9790.38263074786,4656.949633183359,-1824.5110951220133,-833.4831257175952,137.90508399530125,-834.5236206183431,1326.592192804795,-752.9166814528539,-64.85802240350705,2708.1410837231233,2661.2301075108376,313.7125416546182,744.1706439341889,-73.27736750666077,3356.4127624145635,2284.662246555896,3905.198105847646,1364.2430887161945,-2023.1065191631626,-1053.6402066999485,2462.815570538376,1091.1418396118274,7823.2765262074,3507.0543721753515,2500.7351392936203,3699.7185182658945,-693.9752617830086,-1664.156216391457,2601.7368853425864,-2445.904322595038,3491.457461850324,2688.8628777419235,-549.7619378363831
25,-790.4525157658213,-937.6461655574444,62.4025988215648,2195.4855685100006,4787.984524126131,-546.8723627851691,-732.6564047030502,-3005.2459585236866,6188.679461592119,-3969.5226311802826,-1407.6334404645456,8096.714698877805,6520.506690807017,3625.4071575782114,2416.8698176632693,-226.41933812539676,12359.070065106502,-404.0811109396144,-1178.8323104564126,305.1509785235448,8200.820726870928,1354.8857879187574,1432.8730614438855,-131.03858270617695,3684.8882074431685,1010.9648899207886,2660.40219669934,-570.8887586836977,-304.8018125054401,-737.6424030291138,-831.8576532438248,-42.86386770126552,5167.133988347108,-334.6844912639243,-1136.945023619652,-4378.221727105012,-876.5760896860288,8808.866939735466,3096.1043141623463,-829.6122993516718,-1163.5191981715282,-330.26698392391916,48.370971311720005,9047.405720115801,3317.8795049258165,2896.83684082546,-1056.6529466704292,1254.512409555382,4134.501942217735,3627.0036660846486,2429.456287030443,1114.898433805417,8845.694060110436,-556.7564370230693,2572.782723532139,-419.80877706207946,2703.907211973568,6572.1546131466175,3750.7813886658287,3177.767028228174,4595.586949873256,4193.983538854381,-629.3170203282798,-2906.048281402805,1570.0209210460416,1656.1643291911225,-1521.1502234516274,9773.630136474703,4624.869222930884,-1839.7710742897748,-839.4196587205552,140.43244649989256,-840.4601536213031,1329.4056535800328,-758.8532144558139,-62.343600871388,2691.319319774264,2644.408343561978,316.2399041592095,752.7745319562208,-72.17757789276546,3362.1032238321986,2280.0145030808867,3888.3763418987864,1365.314345807147,-2020.5139283020858,-1051.0476158388717,2468.4509513769176,1093.955300387065,7815.1192749618685,3490.232608226492,2483.913375344761,3682.896754317035,-699.9117947859686,-1654.029563050497,2584.915121393727,-2444.8045329811425,3498.502221245879,2672.041113793064,-549.4842667707022
26,-793.6437863009915,-941.0588871148485,36.92009925232731,2193.78997353635,4779.446834995916,-550.2850843425732,-749.0454215867501,-3009.859589593895,6162.250404593089,-3981.967598617743,-1431.7327090164163,8070.285641878775,6494.077633807987,3616.869468448,2408.332128533058,-229.83205968280086,12329.74359636759,-407.27238147478465,-1182.245032013817,310.44883208925415,8206.586828732286,1352.0039974331567,1409.1597075250243,-141.642395827542,3676.3505183129573,1013.1438681922057,2662.2055371437755,-587.2777755673976,-321.19082938913994,-761.7416715809848,-855.9569217956957,-42.294880714111756,5162.106572727669,-337.87576179909456,-1140.1362941548218,-4390.666694542472,-879.7673602211989,8786.054959410263,3087.566625032135,-833.0250209090759,-1166.9319197289326,-333.4582544590894,44.95824975431589,9027.992564426617,3317.3842975753682,2888.299151695249,-1059.8442172055993,1256.6913878267987,4125.964253087521,3624.7981355750644,2429.8786645177743,1113.414705142425,8822.882079785233,-559.9477075582395,2574.586063976574,-419.2397900749258,2705.7105524180033,6575.130849838985,3742.2436995356175,3169.2293390979626,4596.284811819274,4185.445849724166,-632.5082908634499,-2908.387006284684,1571.6494529240576,1661.3511740422643,-1524.5629450090319,9754.216980785519,4599.6254002729165,-1863.8703428416452,-842.6109292557253,142.01066366925227,-843.6514241564732,1331.5846318514496,-762.0444849909841,-57.04574730567859,2682.7816306440527,2635.870654431767,317.81812132856913,753.3435189433745,-88.56659477646531,3364.4741911094256,2278.318908107236,3879.8386527685752,1364.3615574076355,-2023.9266498594902,-1054.4603373962761,2470.254291821353,1096.134278658482,7809.393417199258,3481.694919096281,2475.3756862145497,3674.359065186824,-703.1030653211387,-1655.0836279956143,2576.377432263516,-2461.193549864843,3498.746180156536,2663.503424662853,-560.0880798920673
27,-804.0496973924432,-965.2159100794314,-28.316931364984356,2199.8185883094184,4780.0078900162325,-574.442107307156,-791.4068679243628,-3036.2109030537044,6170.036759795486,-4016.5265853505493,-1472.449798130193,8078.071997081173,6501.863989010384,3617.430523468315,2408.893183553373,-253.9890826473837,12344.343733694901,-417.67829256623645,-1206.4020549784002,302.29134887516676,8238.949138467588,1343.9179161137158,1358.6295077826085,-173.5492181485797,3676.9115733332724,997.9188720940286,2674.324567636267,-629.6392219050103,-363.55227572675267,-802.4587606947615,-896.6740109094725,-56.49195430036098,5181.0182421181835,-348.28167289054625,-1150.5422052462739,-4425.2256812752785,-890.1732713126507,8805.486032399336,3088.12768005245,-857.1820438736585,-1191.0889426935157,-343.8641655505411,20.801226789733086,9053.787720985114,3329.0681952233604,2888.860206715564,-1070.250128297051,1241.466391728622,4126.525308107836,3637.974830267752,2428.175135465533,1113.0148605306756,8842.313152774306,-570.3536186496913,2586.705094469066,-433.436863661175,2717.829582910495,6599.336747035051,3742.8047545559325,3169.7903941182776,4623.080138428469,4186.006904744482,-642.9142019549017,-2930.883584886014,1574.119939609251,1668.160694304019,-1548.719967973615,9780.012137344016,4591.414284649456,-1904.5874319554223,-853.0168403471771,136.26410622163496,-854.057335247925,1316.3596357532729,-772.4503960824359,-65.20323051976597,2683.3426856643678,2636.431709452082,312.0715638809519,739.1464453571255,-130.92804111407804,3372.893158474144,2284.3475228803045,3880.3997077888903,1365.3765255704207,-2048.083672824073,-1078.617360360859,2482.3733223138447,1080.9092825603052,7834.068498501252,3482.255974116596,2475.9367412348647,3674.920120207139,-713.5089764125905,-1676.8824261436762,2576.938487283831,-2503.554996202455,3504.6824201134486,2664.064479683168,-591.9949022131049
28,-1072.0082419004043,-1334.8696255074697,-693.507698102621,2349.340856949367,5009.69095808183,-944.0958227351944,-1310.457799875249,-3539.4924066092626,6708.703564349753,-4617.808052773831,-2021.254497842374,8616.73880163544,7040.530793564651,3847.113591533911,2638.5762516189693,-623.642798075422,13190.62641896044,-685.6368370741975,-1576.0557704064383,49.26057069200914,8865.250153132447,1192.6537089683072,814.6527254189156,-613.3785783465494,3906.59464139887,704.3427230994772,2924.8713344229436,-1148.6901538558966,-882.6032076776389,-1351.2634604069426,-1445.4787106216536,-282.7251638426004,5535.648946107519,-616.2402173985074,-1418.5007497542347,-5026.507148698561,-1158.1318158206118,9562.238996660852,3317.810748118046,-1226.8357593016972,-1560.7426581215539,-611.8227100585023,-348.85248863830526,9877.574899473082,3589.390751160799,3118.5432747811615,-1338.2086728050122,947.8902427340705,4356.208376173434,3910.6296972971422,2353.899526519331,1138.6136782533704,9599.066117035822,-838.3121631576523,2837.2518612557424,-659.6700732034145,2968.3763496971715,7045.428524609797,3972.48782262153,3399.4734621838743,5005.266183031284,4415.689972810079,-910.8727464628627,-3374.595131669326,1629.3156786477812,1741.6593581354903,-1918.373683401653,10603.799315831984,4883.663086632155,-2453.392131667603,-1120.9753848551381,-12.513670718147353,-1122.015879755886,1022.7834867587212,-1040.408940590397,-318.23400870292363,2913.0257537299644,2866.1147775176782,163.29378694116957,512.913235814886,-649.9789730649643,3553.3999494954605,2433.8697915202533,4110.082775854488,1400.6541800434466,-2417.737388252113,-1448.2710757888974,2732.920089100521,787.3331335657537,8405.094152724185,3711.9390421821918,2705.619809300461,3904.6031882727357,-981.4675209205516,-2058.2199426404864,2806.621555349427,-3022.6059281533417,3701.7694278411454,2893.7475477487646,-1031.8242624110746
29,-1077.9447749033643,-1332.2770346463928,-689.0137482950128,2344.6931134743577,4992.8691941329735,-941.5032318741178,-1309.3580102613537,-3544.782560064116,6679.850805723325,-4628.674744460112,-2036.5144770101356,8587.886043009012,7011.6780349382225,3830.2918275850516,2621.75448767011,-621.0502072143454,13182.683876224462,-691.5733700771575,-1573.4631795453615,51.77499222412819,8879.392192231371,1185.8836376785505,804.1253901521877,-613.1009072808685,3889.7728774500106,707.1561838747147,2930.506715261485,-1147.5903642420012,-881.5034180637435,-1366.523439574704,-1460.738689789415,-274.1212758205683,5522.882583345057,-622.1767504014674,-1424.4372827571947,-5036.35889179087,-1164.0683488235718,9548.218105639698,3300.9889841691866,-1224.2431684406204,-1558.150067260477,-617.7592430614623,-346.25989777722856,9860.822405199926,3591.186137616599,3101.721510832302,-1344.1452058079722,950.703703509308,4339.386612224577,3893.807933348283,2351.7768596485726,1139.8856081238323,9585.045226014669,-844.2486961606123,2842.887242094284,-651.0661851813826,2974.011730535713,7044.654185164221,3955.6660586726707,3382.651698235015,4975.869710703949,4398.868208861222,-916.8092794658227,-3364.468478328365,1636.6053131558333,1747.411800807083,-1915.781092540576,10587.046821558828,4851.5826763796795,-2468.6521108353636,-1126.9119178580981,-9.986308213556038,-1127.952412758846,1025.5969475339589,-1046.345473593357,-315.7195871708046,2896.203989781105,2849.293013568819,165.82114944576088,521.5171238369179,-648.8791834510689,3559.0904109130956,2429.222048045244,4093.261011905629,1401.725437134399,-2415.1447973910367,-1445.6784849278206,2738.5554699390627,790.1465943409911,8387.536605067928,3695.1172782333324,2688.7980453516016,3887.7814243238763,-987.4040539235116,-2055.62735177941,2789.7997914005678,-3021.506138539446,3708.8141872367005,2876.9257837999053,-1031.5465913453938
30,-1081.1360454385344,-1335.6897562037973,-714.4962478642504,2342.997518500707,4984.331505002759,-944.9159534315219,-1325.7470271450538,-3547.121284945995,6653.421748724295,-4633.28837553032,-2060.613745562006,8561.456986009982,6985.248977939193,3821.7541384548404,2613.2167985398987,-624.4629287717495,13165.094541652514,-694.7646406123276,-1576.875901102766,57.0728457898376,8885.15829409273,1183.0018471929498,780.412036233326,-623.7047204022336,3881.2351883197994,709.3351621461317,2932.3100557059206,-1163.9793811257014,-897.8924349474435,-1390.6227081265747,-1484.8379583412857,-273.5522888334147,5519.841474818801,-625.3680209366375,-1427.6285532923648,-5034.597197225276,-1167.259619358742,9525.406125314496,3292.4512950389753,-1227.6558899980248,-1561.5627888178815,-620.9505135966324,-349.6726193346329,9841.409249510742,3590.6909302661506,3093.183821702091,-1347.3364763431423,952.882681780725,4330.848923094362,3885.2702442180716,2352.199237135904,1138.4018794608403,9562.233245689466,-847.4399666957825,2844.6905825387194,-650.4971981942289,2975.8150709801484,7047.630421856589,3947.1283695424595,3374.1140091048037,4963.528338536087,4390.330519731007,-920.0005500009928,-3365.5225432734833,1636.5621439479494,1752.5986456582248,-1919.1938140979805,10567.633665869644,4826.338853721712,-2492.751379387235,-1130.1031883932683,-8.408091044196368,-1131.1436832940162,1027.7759258053757,-1049.5367441285268,-310.4217336050952,2887.666300650894,2840.7553244386077,167.39936661512058,522.0861108240716,-665.2682003347688,3561.4613781903226,2427.526453071593,4084.7233227754173,1400.7726487348875,-2418.5575189484402,-1449.091206485225,2740.358810383498,792.3255726124081,8374.208861205065,3686.579589103121,2680.2603562213903,3879.243735193665,-990.5953244586817,-2059.0400733368137,2781.2621022703565,-3037.8951554231467,3709.0581461473575,2868.388094669694,-1042.150404466759
31,-1091.5419565299862,-1359.8467791683804,-779.7332784815618,2349.0261332737755,4984.892560023075,-969.0729763961048,-1368.1084734826663,-3569.6178635473248,6661.208103926692,-4659.639688990129,-2101.330834675783,8569.24334121238,6993.03533314159,3822.3151934751554,2613.7778535602138,-648.6199517363324,13191.528116081106,-705.1705517037794,-1601.032924067349,48.91536257575016,8917.520603828028,1174.915765873509,729.8818364909108,-655.6115427232711,3881.7962433401144,694.1101660479546,2944.4290861984123,-1206.3408274633139,-940.2538812850561,-1431.3397972403513,-1525.5550474550625,-287.7493624196639,5535.7021409083045,-635.7739320280893,-1438.0344643838164,-5056.291189800833,-1177.6655304501937,9544.837198303569,3293.0123500592904,-1251.812912962608,-1585.7198117824646,-631.3564246880842,-373.8296422992155,9867.204406069239,3602.3748279141428,3093.744876722406,-1357.7423874345939,937.6576856825479,4331.409978114679,3885.8312992383867,2350.4957080836625,1138.002034849091,9581.664318678539,-857.8458777872343,2856.809613031211,-664.694271780478,2987.93410147264,7071.836319052655,3947.689424562775,3374.6750641251188,4975.04985259158,4390.891574751324,-930.4064610924445,-3387.3213414215447,1636.4767509087742,1759.4081659199794,-1943.3508370625632,10593.42882242814,4818.127738098252,-2533.468468501011,-1140.50909948472,-14.154648491813699,-1141.549594385468,1012.5509297071989,-1059.9426552199789,-318.57921681918253,2888.227355671209,2841.3163794589227,161.65280916750328,507.88903723782255,-707.6296466723816,3569.880345555041,2433.5550678446616,4085.2843777957332,1401.7876168976727,-2442.7145419130234,-1473.248229449808,2752.47784087599,777.1005765142311,8387.526374706324,3687.1406441234362,2680.8214112417054,3879.80479021398,-1001.0012355501335,-2083.1970963013973,2781.8231572906716,-3080.2566017607587,3714.9943861042702,2868.949149690009,-1074.0572267877965
32,-1359.5005010379468,-1729.5004945964183,-1444.9240452191984,2498.5484019137243,5214.575628088672,-1338.726691824143,-1887.1594054335533,-4013.3294103306384,7199.874908480959,-5162.921192545689,-2650.1355343879645,9107.910145766646,7531.702137695856,4051.998261540752,2843.46092162581,-1018.2736671643706,14034.992509541335,-973.1290962117406,-1970.686639495387,-204.1154156074074,9543.821618492888,1023.6515587281003,185.9050541272178,-1095.4409029212409,4111.479311405711,400.5340170534033,3194.9758529850887,-1725.391759414201,-1459.3048132359424,-1980.1444969525323,-2074.3597471672433,-513.9825719619033,5862.282374812134,-903.7324765360504,-1705.9930088917777,-5554.773444943175,-1445.6240749581543,10301.590162565084,3522.695418124888,-1621.466628390646,-1955.3735272105025,-899.3149691960452,-743.4833577272539,10690.991584557207,3862.6973838515814,3323.427944788002,-1625.7009319425545,644.0815366879966,4561.093046180275,4115.514367303985,2276.2200991374607,1163.6008525717857,10338.417282940054,-1125.8044222951953,3107.3563798178875,-890.9274813227174,3238.4808682593166,7517.928096627401,4177.372492628371,3604.3581321907154,5297.874093101412,4620.574642816921,-1198.3650056004058,-3768.658857918356,1685.5939909514343,1832.9068297514507,-2313.0045524906013,11417.216000916109,5110.376540080951,-3082.273168213193,-1408.4676439926811,-162.93242543159596,-1409.508138893429,718.9747807126474,-1327.90119972794,-571.6099950023402,3117.910423736805,3070.999447524519,12.875032227720965,281.65582769558307,-1226.6805786232678,3750.387136576359,2583.0773364846104,4314.967445861331,1437.0652713706986,-2812.368257341061,-1842.9019448778463,3003.0246076626663,483.5244275196797,8834.289880472787,3916.823712189033,2910.5044793073016,4109.487858279578,-1268.9597800580946,-2452.850811729437,3011.506225356268,-3599.307533711645,3912.081393831967,3098.6322177556053,-1513.8865869857661
33,-1365.4370340409068,-1726.9079037353415,-1440.4300954115904,2493.900658438715,5197.753864139815,-1336.1341009630662,-1886.059615819658,-4003.2027569896777,7171.022149854531,-5168.211346000545,-2665.3955135557253,9079.057387140218,7502.849379069428,4035.1764975918927,2826.6391576769506,-1015.681076303294,14021.084858465487,-979.0656292147006,-1968.0940486343102,-201.60099407528838,9557.963657591812,1016.8814874383438,175.37771886049003,-1095.16323185556,4094.6575474568517,403.34747782864076,3200.6112338236303,-1724.2919698003057,-1458.205023622047,-1995.4044761202938,-2089.619726335004,-505.3786839398712,5849.516012049672,-909.6690095390104,-1711.9295418947377,-5560.06359839803,-1451.5606079611143,10287.56927154393,3505.8736541760286,-1618.8740375295693,-1952.7809363494257,-905.2515021990052,-740.8907668661773,10674.23909028405,3864.4927703073813,3306.606180839143,-1631.6374649455145,646.8949974632341,4544.271282231419,4098.692603355127,2274.097432266702,1164.8727824422476,10324.396391918901,-1131.7409552981553,3112.991760656429,-882.3235933006855,3244.116249097858,7517.153757181825,4160.550728679515,3587.536368241856,5261.711406046789,4603.752878868065,-1204.3015386033658,-3766.0662670572797,1697.5526399112832,1838.6592724230434,-2310.411961629525,11400.463506642953,5078.296129828475,-3097.533147380954,-1414.4041769956411,-160.40506292700465,-1415.444671896389,721.7882414878849,-1333.8377327309,-569.0955734702213,3101.0886597879457,3054.1776835756596,15.40239473231228,290.25971571761517,-1225.5807890093724,3756.077597993994,2578.429593009601,4298.145681912474,1438.136528461651,-2809.775666479985,-1840.3093540167695,3008.659988501208,486.33788829491715,8817.770525957934,3900.0019482401735,2893.6827153584422,4092.666094330719,-1274.8963130610546,-2450.2582208683607,2994.6844614074084,-3598.2077440977496,3919.126153227522,3081.810453806746,-1513.6089159200853
34,-1368.628304576077,-1730.320625292746,-1465.9125949808276,2492.205063465064,5189.2161750096,-1339.5468225204706,-1902.448632703358,-4004.256821934796,7144.593092855501,-5170.550070882421,-2689.4947821075966,9052.628330141188,7476.4203220703985,4026.638808461681,2818.1014685467394,-1019.093797860698,13999.771906254206,-982.2568997498707,-1971.5067701917144,-196.30314050957892,9563.72975945317,1013.9996969527427,151.6643649416284,-1105.767044976925,4086.11985832664,405.5264561000578,3202.4145742680657,-1740.6809866840058,-1474.5940405057472,-2019.5037446721644,-2113.7189948868754,-504.8096969527175,5846.474903523415,-912.8602800741805,-1715.1208124299078,-5562.402323279906,-1454.7518784962845,10264.757291218728,3497.3359650458174,-1622.2867590869737,-1956.1936579068301,-908.4427727341754,-744.3034884235814,10654.825934594866,3863.997562956933,3298.0684917089316,-1634.8287354806844,649.0739757346511,4535.733593101204,4090.154914224914,2274.5198097540333,1163.3890537792556,10301.584411593698,-1134.9322258333254,3114.7951011008645,-881.7546063135318,3245.9195895422936,7520.129993874193,4152.0130395493,3578.998679111645,5249.473936171092,4595.21518973785,-1207.492809138536,-3769.478988614683,1700.6272665981126,1843.8461172741852,-2313.8246831869287,11381.050350953768,5053.052307170508,-3121.632415932825,-1417.5954475308113,-158.82684575764495,-1418.6359424315592,723.9672197593019,-1337.02900326607,-563.7977199045116,3092.5509706577345,3045.6399944454483,16.98061190167195,290.8287027047689,-1241.9698058930726,3758.448565271221,2576.73399803595,4289.607992782259,1437.1837400621396,-2813.1883880373884,-1843.722075574174,3010.4633289456433,488.51686656633416,8815.194457008647,3891.4642591099623,2885.145026228231,4084.128405200507,-1278.0875835962247,-2453.670942425764,2986.146772277197,-3614.59676098145,3919.370112138179,3073.2727646765347,-1524.2127290414503
35,-1379.0342156675285,-1754.4776482573286,-1531.1496255981392,2498.2336782381326,5189.777230029917,-1363.7038454850538,-1944.8100790409708,-4026.0556200828564,7152.379448057898,-5193.046649483751,-2730.211871221373,9060.414685343585,7484.206677272796,4027.1998634819965,2818.6625235670544,-1043.2508208252812,14021.077997915227,-992.6628108413224,-1995.6637931562973,-204.46062372366637,9596.09206918847,1005.9136156333019,101.13416519921304,-1137.6738672979627,4086.680913346956,390.30146000188097,3214.5336047605574,-1783.0424330216183,-1516.9554868433597,-2060.220833785941,-2154.436084000652,-519.0067705389667,5862.335569612919,-923.2661911656323,-1725.5267235213594,-5584.898901881237,-1465.157789587736,10284.188364207801,3497.8970200661324,-1646.4437820515568,-1980.3506808714128,-918.8486838256272,-768.4605113881643,10680.621091153364,3875.681460604925,3298.6295467292466,-1645.2346465721362,633.8489796364742,4536.29464812152,4090.7159692452296,2272.816280701792,1162.9892091675063,10321.015484582771,-1145.3381369247772,3126.914131593356,-895.9516798997807,3258.0386200347853,7544.335891070259,4152.574094569616,3579.55973413196,5256.153004057112,4595.776244758166,-1217.8987202299875,-3793.6360115792663,1703.0755978790335,1850.6556375359398,-2337.981706151512,11406.845507512266,5044.841191547048,-3162.3495050466013,-1428.0013586222628,-164.57340320526225,-1429.0418535230108,708.7422236611249,-1347.4349143575216,-571.9552031185992,3093.1120256780496,3046.2010494657634,11.234054454054618,276.6316291185196,-1284.331252230685,3766.8675326359394,2582.7626128090187,4290.169047802576,1438.1987082249248,-2837.3454110019716,-1867.8790985387566,3022.582359438135,473.2918704681573,8836.210251141467,3892.0253141302774,2885.706081248546,4084.689460220823,-1288.4934946876763,-2477.827965390347,2986.7078272975123,-3656.9582073190622,3925.306352095092,3073.83381969685,-1556.1195513624882
