,1863,1001,4193,3044,4618,3145,4417,2444,1264,2148,778,1791,2870,4337,3259,5992,1669,3278,1530,2942,4992,3050,3637,5673,1879,3694,1680,5777,3054,4157,3317,2549,869,2802,3913,4088,2119,2361,5153,2843,1155,4322,2315,1391,5065,5316,770,5481,4330,3489,3023,1888,5046,4058,5703,4739,3984,1925,1374,4447,4329,5730,4949,1855,3688,5081,4780,1808,4387,5558,3549,3400,3795,920,3927,2285,1170,3749,2250,1309,4621,5862,2565,4341,4703,1420,1405,1193,4512,2975,3157,4697,2555,5291,5644,5304,3330,2773,2097,1055
0,15569.190429687498,10792.599609375,22048.08984375,14246.48046875,28422.689453125004,14310.490234374998,25790.699218749996,11032.009765624998,11575.150390624998,12871.150390624998,7929.129882812499,14796.540039062498,14287.309570312498,24523.1796875,14816.440429687498,43792.109375,12906.269531249998,15513.240234374998,12787.3095703125,12240.459960937498,31488.119140625004,14201.379882812498,20767.83984375,40557.76171874999,15089.299804687496,21075.3203125,12992.2998046875,38110.421875,14331.629882812502,22387.470703124996,16404.550781249996,11549.089843749998,9511.990234374998,13946.469726562498,22131.98046875,21047.529296875,13916.990234374998,9032.070312499998,32379.099609375,14134.299804687498,10452.740234374998,24796.689453125,7964.839843749999,12191.589843749998,30321.91015625,40508.6796875,8194.169921874998,47398.16015624999,24504.939453125,18943.599609375,13398.570312499998,15303.669921874998,32939.1015625,19624.1796875,40711.19921875,28874.76953125,21901.3203125,14677.240234374998,12053.019531249998,25878.599609375,24326.109375,37213.6484375,30824.259765625,15372.799804687496,21233.890625,23501.310546875,26798.0,14111.749999999998,25439.58984375,45518.21093749999,19441.099609375,17506.240234374996,21624.779296875,9947.150390625,21946.150390625,8409.290039062498,10719.150390625,21761.119140625,8800.179687499998,11683.6201171875,28401.160156249996,41064.05078125,12139.139648437498,24395.310546874996,30361.310546874996,12042.410156249998,12258.370117187498,11099.849609374998,27491.250000000004,13520.3603515625,14403.629882812498,30096.849609374993,11687.389648437498,40809.51953124999,37692.23828125,41847.05078124999,16507.05078125,13496.169921874996,14066.660156249998,10980.879882812498
1,15545.449754558394,10826.755623981364,22057.130079841183,14197.074675918544,28404.789046971327,14310.246183794152,25778.888725657904,11088.186996660641,11639.320546814102,12731.497010744399,7950.102721849644,14791.84797285776,14306.488415942547,24448.35851084737,14766.96689879402,43745.148257051835,12943.862697000997,15516.781436039582,12816.958341609758,12237.650187783447,31525.057113626706,14176.975750358737,20788.449854871957,40562.128640961586,15164.105219820673,21129.237723906295,13017.817807401281,38076.31552493556,14398.467154228229,22454.477872832074,16422.21452207673,11506.240967959448,9515.301374619672,13903.53968161239,22092.514570323572,21046.205253784454,13925.162174036279,9043.419286555767,32292.40484145807,14126.589187532107,10469.824450572873,24736.916502065502,7895.346252053881,12163.196033559092,30263.793419081503,40755.405222007415,8178.8950139951785,47525.08538303503,24539.891268872456,18975.764057323773,13412.308231621912,15297.141230230696,32976.70050522162,19661.68245033039,40563.975287543406,28788.807181028336,21880.073024924488,14748.137227625422,12051.210229630586,25955.68008941858,24378.199975433694,37138.51606254318,30873.293658128943,15344.854549776452,21239.299415972444,23516.647163041653,26709.597270012335,14175.590963309149,25487.5082549426,45433.68347008806,19455.756587700183,17557.23151146852,21575.80940951739,9900.665493961256,21976.829543922053,8405.229662753773,10716.248429804864,21772.288087487603,8846.148959828068,11737.755061516797,28362.45705158121,40851.36648801774,12161.395704315251,24144.3143111802,30386.18003768401,12058.356362396029,12262.537161773887,11128.963537999018,27530.484673504823,13474.440785808953,14419.304487038951,30086.585353250994,11675.431586067041,40679.90417245185,37566.55613263535,41822.299823261,16502.95302070047,13506.979175496692,14044.551716485747,11015.534685435043
2,15511.304065245886,10805.087367134356,22052.688922548183,14153.20972045068,28404.705521010495,14278.690301693594,25739.575646612808,11156.826315369895,11657.846624769696,12555.832786369754,7971.287453054138,14729.502935887896,14318.789701583757,24072.150747590706,14700.125288318446,43844.93165834043,12979.631608737243,15536.105013463715,12860.239539044785,12227.987233825817,31589.24824883078,14180.255089197135,20828.446713789683,40390.63603626346,15153.128662220095,21167.807628259634,13055.00422025581,38153.63926888464,14418.03442238875,22475.47313545209,16430.98973480017,11515.665904017855,9500.51228564342,13867.820196906885,22099.694409899377,21079.341637436228,13911.093631306687,9057.564450467686,31820.275131979877,14141.122926853031,10452.596110579647,24607.676931423608,7910.5953093998005,12132.628208262471,30220.11254074546,41064.99717749079,8185.6642560409555,47728.28091340703,24599.359548611108,18983.1487794076,13397.91705906321,15307.301111642571,32980.47442779195,19688.002513818028,40520.19325396826,28818.035633680556,21847.713038548754,14697.02374840561,12028.232067566607,25999.46460282029,24342.557420989226,37252.135984445864,30916.20123963648,15357.613230761051,21229.543845663266,23634.620785501702,26727.818902352603,14198.663417658729,25465.457792127265,45373.07093032524,19432.605818629534,17612.401368516155,21594.872889207767,9894.082644203516,22026.31925843254,8444.993908995888,10685.759450290534,21748.11498015873,8926.743990929705,11723.535950786565,28309.71282064909,40841.662909226194,12179.436254163124,24026.011096938768,30406.474777671483,12032.606989618764,12225.974220078655,11145.913589941183,27574.904112634642,13411.640967350482,14446.30754721159,30128.721378082475,11686.537371120321,40819.98162468112,37682.86654974489,41880.507387329926,16559.409764739226,13491.4166746386,14057.139520443594,10985.100750690899
3,14115.887460024896,10044.877516545946,21416.197512899853,13243.9744754254,29022.14393680513,13364.771967193727,24982.576426160493,12369.345425671718,11520.11252399101,9060.050036954837,8065.525989977886,12042.74657094834,15165.32695064366,15011.878121583904,12953.657308274504,49963.82188101823,13198.269393525885,16020.659525902052,13887.348775299222,11760.310553022728,32469.16260185837,14861.127821673437,22198.87720212596,35520.57588413464,14300.757188349284,21790.019152878176,13428.307903720031,40335.21637395428,13608.207314273455,21976.708415917474,16121.083781508247,11837.04213506327,8265.976796966932,12946.89743404754,22405.634897701202,22666.100451657738,13342.126317954217,10201.05156622946,20902.106389436492,14285.71285545653,9597.002095379894,23065.321470293886,7411.012826801875,10928.673684021393,35985.00801747623,47903.15127194444,8634.827391319297,52284.34770506204,26565.4231913168,18172.959910254933,12686.821520456706,15613.84876828898,31736.958049690405,20000.425275846792,43644.50350989752,32095.728593092663,20605.70973071232,12341.57450474803,11513.244199357448,26534.23893314564,23167.3605853349,42663.979379777804,31879.12098105864,16246.565196950382,20581.539337926668,30801.58951312193,28752.671800755412,12985.692847970291,24586.655058197408,44088.19571194348,18193.20163686098,18267.363855850304,22840.606406034316,10019.464315766083,22801.27280807392,10853.470482233122,9505.47462609319,20850.37852064435,9684.725939918539,10719.58344520958,26720.739269299407,46076.951225077515,12084.348559405751,21475.007746039806,30695.752461005297,11888.380889144128,11018.766162299278,11239.238805873701,27957.452566137006,12516.765498598945,14551.808049868961,31595.15744307335,12241.597802402597,49831.761174599465,40546.58259475104,43194.0438005162,18084.89602989955,13240.191345989746,14600.263694961754,10058.043871662714
4,14134.683074960325,10097.772834997219,21379.10360106673,13283.486375979894,28889.708747878478,13388.518358784215,24948.088633454707,12307.95495824207,11494.315135036242,9092.95002820785,8073.843985370215,12047.0220791456,15083.097077090237,15011.284042962872,12914.428610734289,49854.9007342327,13207.206779953436,16014.376944920441,13869.029261252555,11677.205730055128,32373.52385697647,14782.705302358096,22054.80092109353,35295.431604581994,14353.652506800556,21760.99499723936,13439.18295188383,40307.70980396952,13649.038685056632,21940.49139589739,16067.828853812069,11859.72356185762,8262.868872084739,12942.851765010882,22404.167952597963,22463.0007761544,13293.81004260456,10119.933303777178,20562.521178351737,14303.136154886979,9592.984059892586,23068.60294627621,7457.458086294018,10915.41373725623,35956.000581401204,47777.31839483852,8628.946985403674,52160.51812418673,26330.172224414746,18213.791281038106,12727.652891239883,15671.500729635043,31656.12985731645,20010.975670097916,43514.11508747775,32041.83007706353,20618.94132807294,12355.214079791102,11505.392492891986,26514.36923401436,23094.674270385745,42555.058232992276,31846.947210840917,16233.286914629154,20645.789643337735,30747.62986616256,28485.715471811076,12972.43290120513,24529.163587396844,43958.49222203352,18234.402074542566,18167.573645584886,22810.524643685007,10037.87976380565,22720.92462808415,10721.886255087675,9515.476412720927,20840.99235281621,9654.74791105237,10772.478763660853,26663.552029660714,46052.49493372309,11996.039217331518,21555.058692693692,30778.160358982197,11906.134165915448,11016.307451682871,11231.234934376374,27939.838707336647,12537.639299209684,14525.426695347986,31394.646339851137,12144.034225831017,49691.96284682434,40516.45670001164,42988.8033259035,17918.41324956411,13256.877853358808,14590.219663134343,10149.533208336512
5,14084.188529150462,10126.141962584778,21344.972126260822,13244.600483875658,28824.57771612415,13362.470922869747,24900.766660092606,12323.197132995274,11459.836618733072,9000.923464711359,8087.228219020544,11971.99175102558,15072.49636807209,14690.259880016445,12842.949449714411,49909.03406568375,13242.84476200661,16040.649800136747,13906.928869810987,11647.010537078851,32339.605610025177,14784.918129567428,21998.966544086703,34956.11373755726,14382.021634388115,21755.870348668992,13497.44304004018,40374.93670062662,13657.314041261126,21925.39899707181,16042.776349889766,11901.456688723278,8172.485539526457,12931.452234483339,22441.14260479446,22390.241416793793,13262.354934557108,10091.947550586745,19910.73754643054,14332.100673005427,9578.273531923262,23017.29291215188,7450.095547624579,10823.679639945427,36059.434306273004,47779.97558547194,8647.581642577094,52240.62402043193,26249.31709278364,18222.066637242602,12735.928247444377,15707.590960217836,31551.37054437578,20033.93652868126,43623.62991561606,32065.725764825936,20581.822412738253,12285.353735633094,11490.39718794872,26536.038773706867,23021.32321554323,42609.191564443325,31868.240043735797,16255.638223895532,20672.420180914905,30864.57747638015,28422.350287149966,12880.698803894325,24465.024198379524,43849.02028943073,18198.72712624944,18145.867580517257,22826.43175104211,10056.248683679916,22727.185667696936,10693.12248363264,9454.956191427656,20784.43465682278,9689.320632821744,10800.847891248412,26591.437600506888,46126.685186422466,11945.300888983413,21483.937601393405,30864.336715540452,11919.295206746167,10930.476550621275,11232.052167285974,27958.83116945333,12511.997780965015,14540.469609180183,31328.194074132018,12138.686365327765,49854.63289547531,40602.83017128165,42992.19924800769,17850.65714101066,13262.667764551965,14610.215176856596,10192.225729301605
6,12212.079481693681,9043.386282522493,20238.02976280787,11729.286693588621,30408.060142531973,12093.46767343652,23764.86443102587,13875.583182404676,10863.163464686748,5921.625067984997,8102.247444531036,9371.909013556564,16300.441389063868,6392.566164697066,10615.448437747435,55842.513227074895,13747.10847243214,16972.151033888527,15291.823089118441,10931.83386136636,33905.80677282711,15959.717919533292,23878.327582261747,29110.8710104946,13299.265954325832,22494.826629633433,14150.502884566715,44725.19874203687,12510.611117818193,20971.222497048675,15478.504702085804,12442.902151520986,6621.422897239334,11875.869502405289,23474.44415612727,24343.295123892905,12311.18051907054,11797.536707740626,9224.997823287387,14959.951294951094,8613.165236492474,20634.57970610885,5834.5425294934685,9217.325207510632,41839.584285888544,53540.843242637995,9389.250095944572,57089.55109813919,28334.695083669372,17075.363713799674,11589.225324001447,16110.41279245521,30118.99574005275,20809.604886454857,48884.52260170522,35834.046245985446,18997.13294332673,9719.094952932315,10625.690028226185,27570.445367800683,21627.741105927817,48542.67072583446,33299.36297082104,17494.699238491074,19601.84176185629,37240.0518754738,31002.071740433184,11274.34437145953,23005.172710916464,42539.30512993737,16674.69572782152,19450.309369726987,24283.676903743195,10683.633955415033,24010.464130602588,13290.331570155635,8040.140978989655,19179.878245232045,10573.966226030403,9718.092211186127,24687.2642474085,51547.15727677174,11380.87705402573,17861.393903679116,31875.224830823692,12164.520536439732,9433.95338869316,11246.200140363104,28686.619244084402,10851.153271952628,14811.815065402201,33368.60818556208,13291.390989257132,58273.47268985812,45213.56987845899,45020.815452716924,19770.48401717369,12368.683028429028,15718.770611227075,9055.725938519889
7,12198.81953492852,8992.214891264166,20162.33421747467,11754.278217424717,30380.664960226466,12134.299044219697,23675.270461008666,13771.007894985836,10780.061941838838,5895.204073801191,8125.8517935281225,9344.71670788918,16202.877812492288,6355.317734919881,10583.950494839803,55926.48012935664,13741.755652635604,16927.684793692904,15278.174911716784,10848.72903839876,33832.144533050014,15881.29540021795,23775.359921275645,29044.843139807752,13242.090556254821,22458.164231026527,14145.002634502494,44571.02268791404,12476.81904293567,20930.788376832395,15390.60521094739,12431.072230260488,6677.871827781602,11828.68234723316,23457.977489183802,24088.863831182138,12244.925773940067,11736.146240310978,9033.290313361218,14967.631894103191,8605.313530027011,20653.8796940679,5891.218349717392,9210.860543931985,41658.95593269179,53295.10868184754,9414.574361972596,56966.97497625488,28168.03685754201,17041.57163891715,11555.433249118923,16161.010788730544,30078.14181504932,20795.731004104066,48854.39670696582,35641.57237999374,18979.626023324032,9689.02789730147,10574.84493315528,27552.5507361264,21593.25331322203,48412.28230341469,33234.213312922395,17471.87875167411,19568.76491689223,37076.81446814759,30800.803983963735,11272.584165052749,23027.92430862586,42410.65494198784,16703.09060360875,19350.519159461568,24191.157831018078,10686.025660059131,23930.115950612817,13150.140318597232,8106.360313930662,19167.01355604908,10553.719510912064,9666.9208199278,24668.11195409208,51578.129249317266,11317.108663192023,17916.574334797693,31855.220249560854,12189.307946893823,9500.172723634167,11226.86664872589,28646.068704539157,10900.371565918977,14780.67549446966,33209.83180063148,13193.827412685552,58340.63661528506,45081.73180968331,44887.055256219704,19555.21298548302,12322.734978938237,15667.086993229095,9051.70790303258
8,12107.085437617716,8939.642819512288,20106.106684488,11731.406937441372,30404.73457342412,12142.574400424191,23592.146552181624,13732.12891077415,10720.30576113658,5791.872342467707,8147.446136247305,9262.669297357585,16197.529951989038,6102.683305251204,10508.027277564612,56110.67285009078,13788.292581257963,16936.34258894805,15308.004289072383,10818.533845422484,33841.30013220211,15883.508227427283,23741.412366045046,28832.96201061861,13196.1807502442,22460.615829427934,14193.831823147357,44544.669599286026,12447.483925092147,20902.156451750343,15347.296082648445,12452.240936774671,6661.700106352147,11798.747119415635,23484.59756811706,23958.2764686704,12195.87085442343,11751.388415064182,8537.831859037104,15028.596557847919,8590.318225083745,20607.317270770127,5895.449517783577,9150.460440822708,41744.337362171136,53254.160948314006,9485.862964868184,56991.13364402213,28119.456369277366,17012.23652107362,11526.098131275401,16194.946537672045,30015.68511478702,20798.843072041596,48940.77017823583,35648.88852206254,18949.19139491049,9603.85654944592,10524.076508703794,27557.97852043674,21545.93133985993,48521.797131553,33245.44311892196,17475.495595315057,19557.514959755244,37078.28796266909,30734.308045528134,11227.373802085947,22991.184447381886,42286.614697149664,16691.395604256468,19328.81309439394,24195.411035156176,10746.154537632296,23936.376990225603,13088.471351458778,8111.787900049745,19138.630070363142,10591.403280044717,9614.348748175922,24606.887189762525,51723.492505654955,11265.71199060453,17833.539232565876,31861.158394457478,12221.666205019663,9505.600309753252,11227.155689718264,28650.176230160083,10884.91081916422,14783.500525471645,33181.2412629076,13188.4795521823,58525.47637466538,45083.933043672994,44901.18331074555,19480.330322622955,12293.561832372481,15672.03414315026,9036.997375063256
9,10500.731005182923,7958.346651626824,19049.294487506184,10364.240153366585,32020.83509120918,10995.871476981258,22459.73976228545,15073.381721977918,10102.037269910576,3066.8208404448505,8121.887072555389,7056.362047574011,17350.234575918403,-144.4193922939303,8506.518481226001,61320.937495493265,14371.794832534093,17903.24352478803,16516.71201146677,10103.357169709989,35372.97820821612,17058.308017393145,25411.33253681582,24002.635975923477,12199.607925281593,23177.553078172252,14834.881228193928,48581.059103453816,11386.42552032953,19937.2906613326,14665.180506490266,13022.377317349412,5365.3121899907455,10812.14300322189,24522.46112803788,25872.279553932083,11297.703860647964,13303.77446447358,-1032.8524373221917,15746.883063765177,7725.611065361212,18419.201827124234,4556.77607574244,7732.6401971835285,46940.707698167986,58385.54213408615,10169.18113632271,60990.11532064433,30132.218368699374,15951.178116311014,10465.039726512785,16598.454884696766,28816.69368086803,21587.408017768223,53551.50988541318,39042.72886477502,17514.155301310264,7355.397692221312,9652.594009325596,28521.16132872606,20410.029110793195,53782.68981764217,34545.13636971448,18540.303140766544,18541.227196886826,42445.55087904111,33001.62720250745,9821.61087368554,21782.32117138345,40915.287355859764,15369.131019551332,20633.25488360367,25534.151710827206,11412.425052808703,25219.655453131254,15240.760734700081,6859.956300171956,17720.30091732409,11401.929581183545,8633.052580290458,22865.096665595665,56649.3098114525,10580.975190301993,14608.483208811267,32712.468416693013,12603.775568736324,8253.768709875461,11144.26288989472,29400.850905804033,9347.688419218135,15069.191394998315,35164.01592964061,14341.184176111668,65544.44518804165,49092.6799201478,46782.67546068929,21419.019098835197,11352.035344401109,16667.03926371096,8071.88907963247
10,10498.970798776141,7950.49494516136,19008.860367289904,10382.714268301459,31968.185729683973,10962.079402098734,22426.91209380351,14991.151848424493,10009.219217552101,3044.6214395305133,8137.912073358119,7075.157662509437,17252.670999346825,-222.45766935035834,8507.94278694764,61351.90946803879,14360.315544212319,17875.89939039111,16493.891524649807,10020.252346742389,35336.59591115178,16979.8854980778,25381.25077446651,24005.777722807776,12191.75621881613,23140.890679565346,14829.528408397391,48282.97748962338,11340.588903789196,19907.46100329833,14582.075683522666,13010.547396088914,5418.20750844202,10766.1949537311,24492.77659307318,25700.8742801901,11231.449115517491,13199.19917705474,-1445.5101001545772,15754.563662917275,7674.7659702903065,18397.220464548278,4597.607446525618,7824.129533857326,46779.08954357216,58241.01733947429,10163.828316526173,60881.805219921094,29988.9490879288,15905.341499770679,10419.20310997245,16630.82680899545,28716.277884402145,21554.168952001943,53520.68107654262,38835.51903382441,17532.62941624514,7374.193307156738,9590.691393643905,28511.48025433015,20320.43514077599,53752.563922902766,34487.14175293222,18558.355448186096,18515.54491813304,42243.65404124349,32796.017516767926,9913.100210359338,21692.727201366244,40714.26214125406,15409.96239033451,20533.46467333825,25453.803530837435,11407.072233012166,25139.307273141483,15025.489703009409,6912.851618623231,17738.775032258967,11430.258365169471,8625.200873824995,22809.739930359257,56727.404795940434,10517.206799468286,14612.981970309682,32692.463835430175,12661.427530082387,8306.664028326733,11142.44709291675,29360.300366258787,9454.660060153155,15009.60113748255,34992.61065589863,14243.620599540089,65418.61231093572,48775.56020997206,46680.62009269573,21274.942817802767,11306.087294910318,16624.459765765947,8064.037373167007
11,10453.76043580934,7935.499640218092,18980.228442207852,10368.081437823077,31996.71405680583,10932.744284255212,22383.528011204813,14980.551139406347,9943.028018918509,2948.0061419612903,8156.330466475457,7024.663116699578,17247.32313884357,-443.40462250580686,8445.913349954742,61497.27272437648,14390.88174393928,17900.057646634687,16497.508368290753,9990.057153766113,35350.94362594571,16982.098325287134,25397.157881823612,23823.932788919512,12176.760913872864,23143.342277966753,14876.06533701975,48193.99347933958,11317.455223330524,19887.751454894817,14551.880490546388,13031.716102603097,5446.576636029579,10737.021807165343,24483.47424940622,25631.21857125777,11182.394196000854,13160.320192843054,-2013.1150569012725,15815.528326662003,7623.997545838819,18341.219175834554,4605.882802730111,7866.822054822417,46845.92989824594,58274.76591260798,10210.365245148532,60879.63608134443,29925.770209331462,15882.207819312005,10396.069429513778,16640.92324230022,28637.687844965956,21549.41690027956,53589.33777036925,38819.10079823591,17517.996585766752,7323.698761346879,9519.124151226108,28510.74208978048,20237.31123194895,53838.937394172775,34495.179600652686,18593.806898207025,18497.753908639235,42225.52235101532,32736.528381468623,9955.79273132443,21609.603292539203,40570.11715319537,15418.237746539004,20511.758608270622,25460.06457045022,11453.609161634526,25145.56831275427,14950.607040149345,6941.22074621079,17724.142201780578,11523.119403232156,8610.205568881729,22732.19792029025,56870.55037799162,10465.810126880793,14519.666049655936,32698.401980326802,12697.51776066518,8335.033155914292,11162.153779740243,29364.407891879713,9483.336655205238,15002.112391313507,34922.95494696629,14238.272739036836,65421.26950156914,48673.35542415149,46726.79426649287,21219.108440795935,11276.914148344562,16650.252939571932,8049.042068223739
12,9047.997507408933,7070.792480495563,18015.36265179011,9177.345617175384,33520.555116111806,9871.685879492594,21351.82863365349,16208.496160398126,9364.078572715393,531.951826180717,8062.268888701834,5152.554069242795,18400.027762772937,-5747.131293047372,6597.012425475989,66423.09003017402,14950.555448704547,18825.78745560809,17562.31591374224,9274.880478053617,36715.17205902811,18156.898115253003,26854.4030345247,19553.337689342334,11312.053754150329,23860.27952671107,15459.56758829588,52157.54821043526,10350.298378131483,18917.539220559374,13836.703814833896,13601.85248317784,4363.820955967292,9795.495319193971,25435.201519642833,27309.595498933966,10284.227202225387,14501.57300404682,-9632.030275174497,16533.81483257926,6752.515046460626,16381.744503356467,3459.1798792871805,6730.322264040704,51540.44474610506,62794.37826159028,10793.867496424662,64508.109671903745,31689.933327713527,14915.050974112964,9428.912584314738,17025.23428298914,27483.781037958208,22272.781625114814,57656.16936113226,41948.97861370409,16327.260765119065,5451.589713890096,8668.475567850475,29393.77380742594,19104.904442052775,58449.67710135013,35752.038652213036,19617.050733148742,17519.910798226283,47207.90070794935,34904.1771258548,8819.292940542715,20477.19650264303,39359.538878603984,14271.53482309607,21816.200397480352,26743.34303335587,12037.111412910655,26428.846775659917,16889.295816361588,5858.465066148503,16533.40638113289,12289.851074705453,7745.498409159195,21157.928612127667,61560.731229871155,9781.07332657826,11832.304736916378,33549.71200256233,13100.339592902554,7252.277475852008,11085.982083556262,30115.082567523656,8177.582145484687,15268.374812586524,36601.33187464249,15390.977362966203,71182.13715873518,52453.92580257636,48432.39940888133,23098.469478970983,10335.387660373188,17665.869328544366,7184.33490850121
13,9139.48684408273,7019.947385424657,17985.532993755838,9143.55354229286,33478.464724374055,9825.849262952259,21311.39451343721,16110.932583826547,9271.260520356918,523.4668641360033,8081.912176716911,5139.29412247763,18302.46418620136,-5860.576876634812,6624.72674138953,66501.18501466195,14994.428203330486,18809.082313596857,17584.74664743464,9191.775655086018,36642.74345847982,18078.47559593766,26754.612824259282,19477.533743952332,11261.208659079424,23823.617128104164,15448.088299974106,51769.94698917853,10299.46142898415,18791.750314993078,13753.598991866296,13590.022561917342,4312.649564708965,9749.54726970318,25438.272422509184,27282.20031662846,10217.972457094915,14419.343130493397,-9756.907425604983,16541.49543173136,6690.612430778938,16362.59221004005,3455.1342102505228,6726.304228553398,51542.68130109815,62737.35122492602,10782.388208102888,64354.96828945884,31557.498138786876,14864.214024965631,9378.075635167404,17016.979564847,27441.890447793918,22236.119226507908,57348.53963792463,41701.01656649914,16293.468690236541,5497.530623388661,8599.256285419078,29353.47071879791,19072.076773570832,58418.84829247957,35740.54859302692,19606.946000723547,17490.08114019201,47144.45961498548,34643.36891982336,8807.600849591752,20444.368834161087,39158.51366399828,14237.742748213546,21716.410187214933,26662.9948533661,12025.632124588881,26348.498595670146,16767.06893386298,5807.293674890176,16499.614306250365,12313.142843650985,7694.653314088289,21059.521841432732,61533.22465988639,9717.304935744552,11835.586212898697,33529.707421299485,13155.370105913422,7201.106084593681,11088.976870351187,30074.53202797841,8150.117541820143,15243.874041052326,36573.93669233698,15293.413786394623,70936.4025979447,51980.81940708848,48322.880487429284,22995.50181798488,10289.439610882397,17616.171648987518,7133.489813430304
14,9182.179365047823,6969.1789609731695,17965.823445352326,9114.218424449338,33499.08938216197,9802.715582493585,21282.76258835516,16105.584723323294,9205.069321723326,459.79621570736094,8093.823897736696,5047.560025166831,18297.116325698105,-6025.797586361573,6581.9883488922305,66644.33059671315,15049.694358409051,18838.42131686092,17632.388020814236,9161.580462109741,36668.844584184,18080.688423146992,26732.906759191654,19239.54982971932,11210.440234627938,23826.06872650557,15478.654499701068,51687.620591210485,10277.889407485934,18728.17026107454,13723.40379889002,13611.191268431525,4260.077492957089,9720.374123137424,25458.093108361652,27306.269929826114,10168.917537578278,14408.74242147525,-10077.515258699155,16602.460095476083,6619.045188361137,16301.36744571049,3443.7346797229798,6711.593700584071,51621.694705359594,62758.34336841426,10812.95440782985,64312.94929509676,31492.367107032547,14842.642003467416,9356.503613669189,17020.278091450018,27425.952687529494,22238.570824909315,57261.19703881792,41648.597360160995,16264.133572393017,5437.1076215219,8520.27133032213,29337.612583821916,19028.692690972137,58487.5049863062,35781.63257936724,19660.385034186864,17470.3715917885,47232.44210445588,34572.32392024965,8799.237943908644,20400.98475156239,39014.36867593959,14208.407630370024,21694.704122147305,26669.255892978887,12056.198324315843,26354.75963528293,16717.196358896308,5754.7216031383,16470.27918840684,12385.490273171297,7643.884889636802,20958.591142243884,61600.45155654349,9665.90826315706,11784.276178774371,33535.645566196115,13180.336466131012,7148.534012841806,11106.86274097548,30078.639553599336,8120.362829919919,15263.344483788338,36598.00630553464,15288.065925891371,70895.45486441121,51768.10527660555,48368.323637374815,22961.55426275428,10260.26646431664,17631.463886810383,7082.721388978816
15,8045.679574266107,6097.696461594976,16995.611211016883,8053.160019686718,34887.14013014591,8835.558737294545,20317.896797937417,17258.28934725266,8626.119875520206,-1620.6694870318038,7908.424585576159,3441.2055927320353,19449.820949627472,-10583.766122863752,4963.4639261437915,71334.51144859266,15606.961501111078,19607.786604779478,18671.72965727128,8446.403786397246,37979.03384028201,19255.48821311286,28037.348548401384,15125.214366186456,10338.95773524974,24543.00597524989,16038.328204466334,54852.377664900254,9348.606283806672,17801.63678444392,13008.227123177525,14181.327649006267,3278.7813250716226,8778.84763516605,26357.204997558456,28922.37044761117,9270.750543802813,15636.68744246703,-16224.925979327454,17320.746601393344,5768.396604985507,14559.576921543628,2388.1519476449303,5746.485405153284,55574.578364523026,66584.3852784979,11372.628112595114,67646.85148261202,33075.84953344037,13913.358879788155,8427.220489989926,17375.154171603335,26389.162807860113,22955.508073653633,61124.76860808818,44186.59004400852,15203.075167630403,3828.170721390574,7742.038276031913,30077.358126482715,17996.993313420815,62554.33657706922,36962.22445844855,20606.787625245863,16500.159357453056,51609.70190133905,36709.2903201049,7825.948431411133,19369.28537401107,37803.790401348204,13147.349225607408,22999.145911357034,27952.53435588454,12615.872029081107,27638.038098188583,18632.226383454472,4773.425435252833,15409.22078364423,13069.093993630724,6772.402390258609,19600.54201330789,65950.71359795376,8981.171462854527,9401.562972731335,34386.95558843165,13573.411577716,6167.237844956338,10999.879851241192,30829.314229243282,6988.655593457551,15545.512990903726,38214.106823319715,16440.770549820736,76026.83605018335,54833.5071004514,50047.37252707555,24631.474433525054,9318.739976345267,18578.70129036453,6211.238889600623
16,8033.987483315143,6035.793845913288,16869.822305450587,8007.323403146384,34835.724407849506,8784.721788147212,20288.067139903145,17160.72577068108,8533.301823161732,-1580.5148610375259,7926.749818423204,3439.445386325254,19352.257373055894,-10542.24569323438,4985.445971178602,71307.00487860788,15649.81613875878,19600.22713804682,18670.331419678714,8363.298963429646,37921.039223499756,19177.065693797518,27945.938774666043,15011.921004264863,10277.05511956805,24506.343576642983,16082.200959092273,54500.11336385105,9293.62195537885,17694.34976255264,12925.122300209925,14169.49772774577,3270.9296186061583,8732.899585675259,26325.152825232817,28869.721086085963,9204.49579867234,15539.12386589545,-16247.295698180978,17328.427200545444,5706.478151663423,14504.220186307215,2364.111381617901,5738.6336986878205,55420.790215529705,66426.60479784536,11416.500867221053,67451.85360234499,33048.45435113486,13858.374551360333,8372.236161562105,17386.97867709401,26348.728687643834,22918.845675046727,60779.97317080519,43980.98035826899,15167.641380021121,3871.9455871132295,7673.562621737806,30022.05262980325,17956.559193204535,62246.706853861586,36972.47022886446,20611.054934705455,16374.370451886763,51498.066625565334,36448.48211407346,7818.09672494567,19328.85125379479,37602.7651867425,13111.915437998126,22899.355701091616,27872.18617589477,12659.744783707047,27557.689918198812,18487.967421791192,4765.57372878737,15373.786996034949,13078.427373245591,6710.499774576921,19566.054220602105,65796.53754383093,8917.40307202082,9420.862960690387,34366.951007168806,13628.442090726869,6159.386138490875,10987.73779419865,30788.763689698037,6937.432491955395,15539.307814984075,38161.4574617945,16343.206973249156,75866.96137697747,54395.83806246511,49961.83477504603,24601.392671175745,9272.791926854476,18535.279839759547,6149.336273918935
17,8025.6245776320375,5964.226603495487,16806.24225153205,7984.189722687711,34881.19826152347,8763.149766648996,20268.357591499633,17155.377910177827,8467.11062452814,-1622.1591367979604,7915.48457973007,3394.2350233584525,19346.90951255264,-10636.889017829028,4960.17136086247,71374.231775265,15712.896089138998,19637.026834725628,18727.207719381542,8333.10377045337,37929.07707122022,19179.27852100685,27919.66785998018,14739.10943952829,10205.487877150252,24508.79517504439,16137.467114170839,54397.15920897621,9270.13139497093,17634.498394686976,12894.927107233649,14190.666434259952,3255.9343136628922,8703.726439109503,26304.697109767927,28898.24941320782,9155.440879155703,15533.776005392197,-16484.493572067673,17389.391864290166,5631.352114480971,14426.678176238216,2347.178838323077,5723.638393744554,55421.1759605406,66407.88888269999,11471.767022299618,67371.50240292808,33072.52396433251,13834.883990952414,8348.745601154184,17401.565037355886,26320.09676256178,22921.297273448134,60680.13138710605,43921.491222969686,15137.447795978618,3853.4307536326382,7601.312624104474,29995.38872189797,17927.927268122483,62159.36425475487,36999.96828993948,20660.124698747142,16310.790397968221,51496.659630576585,36377.43711449974,7803.101420002403,19300.219328712737,37458.62019868381,13081.721853955623,22877.649636023987,27878.447215507556,12715.010938785612,27563.950957811598,18430.949940976443,4750.578423844104,15343.593411992446,13144.170022453713,6638.93253215912,19518.732247240005,65770.1844552029,8866.006399433327,9374.300537392619,34372.889152065436,13653.408450944458,6144.390833547609,10999.751565916646,30792.871215318963,6911.618191335243,15557.852562722035,38189.985788916376,16337.859112745906,75918.44390785767,54192.434430914844,50032.25276729663,24617.299778532848,9243.61878028872,18552.199917862403,6077.769031501134
18,7052.335065134525,5113.578020119857,15879.708774901428,7017.03287748867,36183.55050091342,7833.866642969732,19298.14535716419,18308.082534107194,7888.161178325019,-3448.8912199669144,7632.38458653406,1988.4720949580437,20499.614136482007,-14415.985369242258,3551.696143828973,75724.49381667525,16245.24389770201,20369.190403024866,19706.273690690767,7617.927094740874,39185.93612278057,20354.07831097272,29165.84679540532,10908.117203746962,9354.83929377462,25225.732423788708,16694.734256872867,57321.82396796175,8348.479147369184,16793.287302919976,12179.750431521154,14760.802814834697,2391.227153940361,7762.199951138129,27063.51724905897,30422.09047251379,8257.273885380237,16686.480629321562,-22083.88515083913,18107.678370207428,4868.846273915655,12852.408868075629,1311.016835085032,4858.931234022022,58863.43147945334,69904.5507860861,12029.034165001643,70362.9443126651,34688.62448211758,12913.231743350665,7427.093353552438,17715.406094892332,25355.23097214404,23638.23452219245,63740.904604437936,46089.13996735587,14134.708284041091,2500.4246764933,6883.327790480808,30722.746067197273,16963.06147770474,66022.93582402513,38120.25820794586,21506.117107939266,15384.256921337597,55132.13170277102,38514.403514354985,6938.394260279872,18335.353538294996,36248.04192409242,12078.982342018096,24182.091425233717,29161.725678413204,13272.278081487635,28847.229420717245,20278.856824635637,3885.8712641215716,14340.853900054919,13780.478697257855,5788.283948783489,18382.83001817327,69806.5739593707,8181.269599130796,7186.1850937467225,35224.19917430097,14046.483562529449,5279.683673825077,10883.11483316008,31543.545890962905,5907.014593991349,15827.567366093435,39713.826848222336,17490.56373667527,80571.1496436477,56975.94343038541,51670.17230277526,26074.544931233937,8302.092292317346,19435.07199298613,5227.120448125504
19,7044.483358669062,5051.659566797773,15772.421753010152,6966.195928341335,36139.28981973338,7778.882314541908,19172.356451597894,18210.518957535616,7795.343125966542,-3439.975433396752,7671.753713623373,2079.961431631841,20402.05055991043,-14360.804938123683,3570.170258763847,75570.31776255243,16294.507970222294,20358.207603451585,19698.793082376484,7534.822271773276,39174.446063594456,20275.655791657377,29074.43702166998,10777.403173107039,9283.376510106464,25189.0700251818,16737.588894520566,56927.04442462097,8293.494818941363,16750.837294892674,12096.645608553554,14748.972893574199,2340.3820588694543,7716.251901647336,27030.27818329269,30380.00008077604,8191.019140249763,16588.917052749985,-22091.189986055277,18115.358969359528,4800.370619621548,12842.354893178379,1274.4341420949127,4808.0861389511165,58626.46567461416,69709.55290581906,12072.906919627583,70092.82078977126,34635.97512059237,12858.247414922844,7372.109025124614,17698.489529950926,25325.401314109768,23601.572123585545,63496.65531792646,45828.33176132443,14094.274163824806,2627.605290315977,6814.8521361867015,30682.195527652028,16933.23181967047,65678.14038674215,38136.34715117127,21514.96400281375,15238.964784617187,54922.90073538732,38253.59530832354,6887.549165208966,18305.523880260724,36047.016709486714,12038.548221801811,24082.301214968298,29081.377498423433,13316.150836113575,28766.881240727475,20201.58482530938,3835.026169050665,14300.419779838634,13765.990537939764,5719.064666352091,18293.236048156064,69661.28330779757,8117.501208297086,7164.203731170767,35204.194593038126,14101.514075540317,5228.838578754171,10870.972776117538,31502.99535141766,5856.177644844014,15821.566753001518,39671.736456484585,17393.000160103693,80552.47504933081,56487.24698088765,51682.16345284369,25974.754720968518,8256.144242826555,19396.230127796043,5165.201994803419
20,7029.488053725795,4976.533529615321,15712.570385144483,6944.62390684312,36181.57171512827,7755.391754133989,19108.776397679358,18205.171097032362,7729.151927332957,-3507.9664963274586,7659.436450196192,2122.653952596933,20396.702699407175,-14443.840040355497,3555.5374282854646,75543.96467392442,16338.557035457112,20402.21095025418,19753.014187696856,7504.627078796997,39215.53004993477,20277.86861886671,29048.166106984118,10564.603759515105,9202.18401723692,25191.52162358321,16800.66884490079,56783.90754931095,8270.004258533443,16714.806842141916,12066.450415577277,14770.141600088382,2289.6136344179686,7687.07875508158,27025.526131570306,30400.624738563965,8141.964220733127,16583.56919224673,-22263.45608293593,18176.32363310425,4728.120621988216,12800.046857021207,1253.4212909559217,4757.317714499629,58600.58595879716,69629.20170640215,12128.173074706148,70019.95764440404,34664.50344771424,12834.756854514922,7348.618464716696,17714.191554961777,25305.691765706255,23604.023721986952,63472.2044131114,45757.286761750715,14065.642238742765,2673.25141171864,6742.6021385533695,30686.303053272954,16913.522271266957,65578.29860304299,38168.612186829065,21559.471632900295,15175.040352548627,54921.50014452272,38182.55030874982,6836.780740757478,18285.81433185721,35902.871721428026,12009.91629671977,24060.59514990067,29087.63853803622,13371.41699119214,28773.14228034026,20191.676088825687,3784.257744599179,14271.787854756592,13819.099726789456,5640.079711255144,18210.112139329027,69642.34560141293,8066.104535709596,7108.20244245704,35210.13273793476,14126.480435757905,5178.0701543026835,10882.986547835533,31507.102877038586,5834.605623345798,15838.110988542414,39692.3611142725,17387.65229960044,80599.52453115479,56228.02197701239,51757.815168775815,25953.04865590089,8226.971096260799,19408.588071943752,5090.0759576209675
21,6164.780894003263,4214.0276890500045,14871.359293377485,6015.340783163857,37441.08975528605,6833.739506532241,18182.242921048735,19357.87572096173,7150.202481129832,-5095.183478419809,7356.362608330454,986.1541618152186,21549.40732333654,-17668.89606411011,2364.8016076377744,79580.35417809221,16779.844600922897,21127.947042462478,20626.32729515488,6789.450403084503,40396.12192901609,21452.66840883258,30294.34504240926,7083.771040528657,8418.94067142641,25908.458872327526,17333.0166534638,59603.317128719296,7348.352010931694,15941.108763264489,11351.273739864782,15340.277980663122,1418.1311350397737,6745.552267110207,27748.890856405564,31788.675486547898,7243.79722695766,17736.273816176097,-26936.721388998314,18894.61013902151,4010.1357883645514,11465.152557513975,261.47073084448994,3885.835215121435,61859.831289604175,72620.64361613918,12685.440217408173,72805.0504255284,36188.3445070202,11913.104606913177,6426.966217114949,17997.108705134997,24335.479531370816,24320.96097073127,66393.18001612263,47894.253161605964,13100.776448325018,1532.100357775105,6024.617304929706,31436.9777289169,15943.310036931516,68639.07182037488,39248.52023966524,22357.419961726395,14304.878680527681,58326.32941172164,40319.516708605064,5965.298241379285,17315.60209752177,34692.29344683662,11045.050506302021,25365.0369391104,30370.91700094187,13928.684133894163,30056.42074324591,21831.442789450066,2912.775245220984,13306.922064338843,14423.16423276871,4861.846656964926,17077.70534943285,73269.46994971408,7381.367735407065,5148.727769978956,36061.44276017029,14519.555547342896,4306.5876549244895,10766.349815078967,32257.777552682528,4905.322499666537,16100.865636935026,41080.41186225644,18540.356923529805,84460.60821615373,58816.08783056214,53248.76115864399,27257.49044511062,7285.444608289425,20243.416066701455,4327.570117055651
22,6113.935798932357,4145.552034755898,14828.909285350188,5960.356454736033,37460.94408119772,6778.755178104417,18074.955899157456,19260.31214439015,7057.3844287713555,-5031.429488492132,7395.731735419768,974.4620708642549,21451.843746764964,-17664.3973026117,2331.0095327552503,79435.06352651908,16837.496562268956,21116.964242889197,20607.334664824753,6706.345580116905,40406.367699432,21374.245889517235,30202.93526867392,6890.942921369209,8350.465017132301,25871.79647372062,17382.280725984085,59208.53758537852,7293.36768250387,15898.658755237191,11268.168916897182,15328.448059402624,1356.228519358084,6699.604217619414,27712.228457798657,31708.327306558127,7177.542481827186,17638.71023960452,-26948.50851923045,18902.29073817361,3941.6601340704447,11391.098724907526,237.06854480324398,3823.932599439746,61591.86455207583,72350.52009324533,12729.312972034113,72611.23613211898,36146.25411528245,11858.120278485356,6371.981888687125,17985.55526743016,24209.69062580452,24284.298572124364,65998.40047278185,47633.44495557452,13070.946790290742,1491.6213906283506,5956.141650635599,31396.427189371654,15817.521131365222,68394.82253386341,39291.60455185854,22368.556993070502,14163.760129618548,58058.3626741933,40058.70850257362,5903.395625697597,17189.813191955473,34491.26823223092,11015.220848267745,25265.24672884498,30290.5688209521,13972.556888520103,29976.07256325614,21751.107789441765,2850.872629539295,13277.092406304568,14426.37114385834,4793.3710026708195,17044.877680950907,72938.0148366565,7317.599344573355,5129.575476662539,36041.43817890745,14574.586060353764,4244.685039242801,10754.207758036426,32217.227013137282,4850.338171238713,16094.86502384311,41028.996139960036,18442.793346958228,84318.52092320268,58239.72786497434,53202.08075937165,27157.7002348452,7239.496558798632,20245.177414479498,4259.0944627615445
23,6063.1673744808695,4073.302037122567,14792.878832599421,5936.865894328114,37521.660609877894,6755.264617696498,18015.104531291792,19254.964283886897,6991.19323013777,-5034.953738659322,7383.414471992586,966.0991651811485,21446.49588626171,-17757.71322326544,2301.6744149117258,79416.12582013445,16873.58679285175,21160.96758969179,20635.979935195268,6676.150387140626,40433.86576050702,21376.458716726567,30176.664353988057,6672.784895758251,8278.21501949897,25874.248072122027,17426.329791218905,59065.4007100685,7269.877122095952,15862.628302486424,11237.973723920906,15349.616765916808,1284.6612769402836,6670.431071053659,27714.680056200064,31714.588346170913,7128.487562310552,17633.362379101265,-27113.001250552315,18963.255401918334,3869.4101364371136,11335.729658119842,228.36915107195597,3752.365357021945,61539.01099659113,72277.65694787812,12784.579127112678,72543.82324387449,36166.87877307036,11834.629718077435,6348.491328279207,17997.78232598959,24146.110571885984,24286.75017052577,65855.26359747183,47562.39995600081,13051.237241887236,1457.4858479607626,5883.891653002267,31400.53471499258,15753.941077446678,68370.37162904836,39360.45206895945,22432.14932459133,14100.25233194137,58005.5091187086,39987.6635029999,5831.828383279796,17126.233138036936,34347.12324417223,10995.51129986424,25243.540663777352,30296.829860564885,14027.823043598668,29982.333602868926,21738.230202201623,2779.305387121494,13257.382857901062,14476.143064171061,4721.1210050374875,17001.493598352212,72841.76841112992,7266.202671985864,5068.35071233298,36047.37632380408,14599.552420571352,4173.117796825,10766.22152975442,32221.33453875821,4826.847610830794,16111.409259384005,41074.469993634,18437.445486454973,84309.41999867924,57989.475876197044,53243.630629661544,27135.994169777572,7210.323412232878,20301.531612424955,4186.844465128213
24,5191.6848751026755,3355.317203498901,14019.180753722,5015.213646726366,38646.101963787725,5833.61237009475,17173.893439524792,20407.668907816264,6412.243783934646,-6350.582690384867,7080.340630126848,-7.19034731636134,22599.200510191076,-20445.074536005,1240.6160101491096,83043.2501684356,17276.408625089123,21886.70368190009,21425.151483668193,5960.9737114281315,41554.155678513394,22551.258506692437,31422.8432894132,3559.1377798563867,7560.230185875305,26591.185320866345,17867.61735668469,61884.81028947685,6348.224874494203,15088.930223609002,10522.797048208411,15919.75314649155,434.0126935646535,5728.904583082286,28431.617304944382,32997.866809076564,6230.320568535084,18786.067003030632,-31116.149429781977,19681.541907835595,3151.425302813448,10220.598568312938,-685.6928401383825,2901.7167736463152,64212.87024600901,75062.74972900248,13341.846269814701,75127.43390248486,37554.929521054306,10912.97747047569,5426.839080677459,18238.192054108033,23219.57709525536,25003.68741927009,68674.67317688018,49699.36635585605,12081.025007551794,422.76942486705093,5165.906819378603,32151.209390636523,14827.407600816055,71291.34723205958,40358.97814024203,23122.608316348334,13275.019486517362,60679.36836812648,42124.629902855144,4981.1797999041655,16199.699661406314,33136.54496958083,10025.2990655288,26547.982452987082,31580.108323470533,14585.090186300693,31265.612065774578,23106.690871957107,1928.6568037458644,12287.17062356562,15088.62319246434,4003.136171413822,15969.794220800892,76030.23110969766,6581.465871683334,3326.5601881661164,36898.68634603961,14992.627532156339,3322.4692134493703,10649.584796997855,32972.009214402155,3905.195363229046,16374.163907776616,42376.82223302395,19590.15011038434,87784.67824929279,60500.66238195155,54633.30041338342,28440.435958987302,6268.796924261503,21021.86791267905,3468.859631504548
25,5129.782259420987,3286.8415492047943,13976.730745694702,4960.229318298542,38664.52832496858,5778.628041666926,17131.44343149749,20310.105331244686,6319.425731576169,-6357.011830256963,7119.709757216161,-15.04205378182511,22501.6369336195,-20441.793060022675,1194.779393608776,82711.79505537801,17331.43913809999,21875.72088232681,21450.475749696216,5877.8688884605335,41570.244621738806,22472.835987377093,31331.433515677858,3375.621052763531,7491.7545315811985,26554.52292225944,17925.269318030747,61490.03074613608,6293.240546066379,15046.480215581705,10439.692225240811,15907.923225231052,372.0942402425694,5682.956533591493,28394.954906337476,32917.51862908679,6164.06582340461,18688.503426459054,-31107.005513866003,19689.222506987695,3082.9496485193413,10144.903022979734,-712.7154623554007,2832.4974912149187,64019.41655682826,74868.93543559306,13385.719024440641,74938.20779576938,37474.581341064535,10857.993142047868,5371.854752249635,18226.638616403197,23112.29007336408,24967.025020663183,68279.89363353941,49438.55814982461,11955.2361019855,400.97128304847456,5097.431165084497,32110.658851091277,14720.12057892478,70896.5676887188,40338.97355897918,23117.10806628412,13194.564363660927,60485.91467894573,41863.8216968237,4909.71701623601,16092.412639515038,32935.519754975125,9899.510159962505,26448.192242721663,31499.760143480762,14628.962940926633,31185.263885784807,23038.709445315,1866.73835042378,12161.381717999326,15116.831581711966,3934.660517119715,15929.360100584607,75785.98182318619,6517.697480849623,3271.203452929704,36878.68176477677,15047.658045167207,3253.2499310179737,10637.442739955313,32931.45867485691,3850.2110348012225,16368.163294684698,42332.56155184391,19492.586533812762,87554.74903775631,59924.30241636375,54557.07974707328,28340.645748721883,6222.84887477071,21045.159681624584,3400.383977210441
26,5058.215017003186,3214.5915515714632,13940.700292943935,4936.738757890624,38704.052559025826,5755.1374812590075,17095.412978746735,20304.75747074143,6253.234532942583,-6386.468937018938,7107.39249378898,-30.037358725091238,22496.289073116244,-20493.103094147005,1171.6457131501018,82615.54862985143,17356.40549831758,21919.724229129402,21521.764352591807,5847.6736954842545,41602.5096573966,22475.048814586426,31305.162600991996,3170.093338955026,7419.504533947867,26556.974520660846,17961.359548613542,61346.893870826054,6269.74998565846,15010.449762830938,10409.497032264535,15929.091931745235,296.96820306011847,5653.783387025738,28397.406504738883,32923.77966869958,6115.0109038879755,18683.1555659558,-31252.82937681287,19750.187170732417,3010.69965088601,10088.67548999307,-730.6310589415285,2753.512536117971,63969.405390743996,74801.52254734856,13440.985179519206,74886.57599166429,37480.84238067732,10834.502581639947,5348.364191841716,18238.865674962624,23052.438705498418,24969.47661906459,68136.75675822937,49367.51315025089,11891.656048066958,365.98527928173354,5025.181167451165,32114.766376712203,14660.269211059112,70753.43081340876,40344.91170387581,23165.937254928973,13154.460846707272,60435.90351286146,41792.77669724998,4828.524523366467,16032.561271649369,32791.37476691644,9835.930106043961,26426.486177654035,31506.021183093548,14684.229096005198,31191.524925397593,23029.022797357473,1791.6123132413293,12097.801664080784,15177.182324320209,3862.410519486384,15900.728175502565,75761.53091837114,6466.300808262133,3193.6614428607027,36884.6199096734,15072.624405384795,3174.264975921026,10649.456511673308,32935.566200477835,3826.7204743933034,16384.70753022559,42374.8434472388,19487.238673309508,87483.16115302719,59674.050427586466,54608.463421815955,28318.939683654255,6193.675728204955,21117.50711114489,3328.13397957711
27,4207.566433627556,2496.6067179477977,13167.002214066513,4015.0865102888765,39753.813161304155,4833.48523365726,16321.714899869303,21457.4620946708,5674.28508673946,-7532.392093178148,6804.31865192324,-894.7445184476228,23648.99369704561,-22875.816300190036,204.48886795106182,85804.01132841918,17749.48060990257,22645.4603213377,22205.082524046327,5132.497019771761,42682.417710232774,23649.848604552295,32551.341536417134,179.75192704238088,6701.519700324202,27273.911769405164,18364.181380850914,64166.30345023441,5348.097738056711,14236.751683953516,9694.32035655204,16499.228312319974,-465.5376375051993,4712.256899054365,29114.3437534832,34207.05813160523,5216.843910112507,19835.860189885167,-34800.42396678914,20468.47367664968,2292.7148172623447,9031.863293011256,-1640.2060403111814,1975.2794818277537,66186.98917873464,77385.13320595893,13998.252322221231,77320.88273780809,38764.120843582976,9912.850334038201,4426.711944239969,18479.27540308107,22211.22761373142,25686.413867808908,70956.16633763773,51504.47955010613,10965.122571436337,-578.2958793681485,4307.1963338275,32865.441052356146,13819.058119292116,73572.84039281712,41196.22172611135,23806.986659975555,12351.8121875759,62653.48730085211,43929.74309710522,4045.2811775559544,15191.35017988237,31580.796492325037,8909.39662941334,27730.927966863765,32789.2996459992,15241.496238707223,32474.80338830324,24373.475408863418,1029.1064726760114,11171.268187450165,15770.956290608516,3144.4256858627186,14935.862385084818,78682.50652138235,5781.564007959602,1619.3921346981188,37735.92993190893,15465.699516969784,2396.031921630807,10532.819778916743,33686.24087612178,2905.0682267915554,16647.46217861821,43634.36148739658,20639.943297238875,90345.38507360894,62185.236933340966,55968.502118211276,29623.381472863985,5252.149240233582,21801.11083160432,2610.1491459534445
28,4136.1036499594,2428.131063653691,13124.552206039216,3960.102181861053,39777.136711352425,4778.500905229436,16279.264891842005,21359.89851809922,5581.467034380983,-7567.507493524485,6843.687779012554,-945.5896135185288,23551.430120474033,-22856.516312230986,153.65191880372709,85559.7620419077,17804.511122913438,22634.47752176442,22201.99918287946,5049.392196804163,42725.50202242607,23571.42608523695,32459.931762681794,-3.7648000504745034,6633.044046030095,27237.249370798258,18419.211893861782,63771.523906893635,5293.113409628887,14194.30167592622,9611.21553358444,16487.39839105948,-534.0132917993063,4666.308849563572,29077.681354876295,34126.709951615456,5150.589164982032,19738.29661331359,-34838.542084348665,20476.15427580178,2224.239162968238,8991.429172794971,-1667.2286625282,1906.8038275336469,65981.37949299508,77195.90709924346,14042.125076847171,77115.27305206853,38683.772663593205,9857.86600561038,4371.727615812145,18467.721965376233,22198.86894037275,25649.751469202,70561.38679429695,51243.67134407469,10857.835549545061,-629.6326402753109,4238.720679533393,32824.8905128109,13776.608111264819,73178.06084947634,41176.2171448485,23801.63384017902,12271.225152384219,62447.877615112586,43668.93489107378,3976.8055232618476,15148.900171855073,31379.771277719337,8764.10449269293,27631.137756598346,32708.95146600943,15285.368993333163,32394.45520831347,24291.24553530999,960.6308183819044,11025.976050729754,15799.164679856141,3075.950031568612,14906.032727050542,78287.72697804158,5717.795617125892,1520.985364003187,37715.92535064609,15520.730029980652,2327.5562673367003,10520.6777218742,33645.69033657654,2850.083898363732,16641.461565526297,43658.34119341472,20542.379720667297,90078.07788859463,61608.87696775317,55966.744762187824,29523.591262598566,5206.201190742789,21810.44421121919,2541.6734916593377
29,4054.911157089858,2355.88106602036,13088.521753288449,3936.611621453134,39843.32839833647,4755.010344821518,16243.234439091237,21354.550657595966,5515.275835747398,-7603.062426050879,6831.370515585372,-996.3580379700152,23546.08225997078,-22903.078735528758,132.07989730551174,85535.31113709265,17829.477483131028,22678.480868567014,22253.65449072362,5019.197003827884,42794.349539526986,23573.638912446284,32433.660847995932,-209.29251385897976,6560.794048396763,27239.700969199665,18444.178254079372,63628.38703158361,5269.622849220968,14158.271223175452,9581.020340608164,16508.56709757366,-606.2632894326371,4637.135702997817,29080.1329532777,34132.97099122824,5101.534245465397,19732.948752810335,-34946.25557021175,20537.1189395465,2151.989165334907,8962.79724771293,-1685.1442591143273,1834.5538299003158,65921.89035769581,77144.27529513836,14097.391231925736,77055.78391676924,38690.03370320599,9834.375445202459,4348.237055404226,18479.94902393566,22180.578714744737,25652.20306760341,70418.24991898691,51172.62634450097,10797.984181679394,-685.5896993440555,4166.470681900062,32828.998038431826,13740.577658514052,73034.9239741663,41182.15528974513,23848.170768801378,12226.760342514961,62388.38847981328,43597.88989150006,3904.555525628517,15112.869719104307,31235.62628966063,8700.18006062437,27609.431691530717,32715.212505622214,15340.635148411728,32400.716247926255,24280.644826291846,888.3808207485737,10962.051618661195,15859.515422464385,3003.7000339352808,14886.323178647037,78144.59010273154,5666.398944538401,1420.0546648143315,37721.86349554272,15545.696390198242,2255.3062697033693,10532.691493592196,33649.79786219746,2826.593337955813,16658.005801067193,43720.083302164145,20537.031860164043,90006.9032327997,61358.62497897587,56055.14228083882,29501.885197530937,5177.028044177034,21876.186860427308,2469.4234940260067
30,3271.667811279345,1637.8962323966946,12314.823674411027,3014.959373851386,40830.932644889486,3833.3580972197697,15469.536360213817,22507.255281525333,4936.326389544273,-8614.099387133689,6528.296673719633,-1867.84053734821,24698.786883900146,-25091.19417917465,-797.2032263737505,88456.28674010387,18222.552594716017,23404.216960775313,22859.419289594865,4304.020328115391,43792.87561080956,24748.438702412153,33679.83978342107,-3199.6339257716263,5842.8092147730995,27956.638217943982,18837.25336566436,66447.79661099197,4347.970601619219,13384.57314429803,8865.843664895669,17078.7034781484,-1324.248123056303,3695.609215026444,29797.07020202202,35416.24945413389,4203.3672516899305,20885.6533767397,-37863.57752196744,21255.405445463763,1434.0043317112413,7997.931457295181,-2594.7192404839802,1116.5689962766492,68089.53910208201,79578.58204128216,14654.658374627761,79223.43266115546,39973.312166111646,8912.723197600713,3426.5848078024783,18720.358752054104,21423.396415811818,26369.140316347726,73237.65949839527,53309.59274435621,9956.773089912398,-1594.023274491928,3448.4858482763966,33579.67271407577,12966.87957963663,75854.33355357466,42033.46531198067,24431.673020077502,11412.19562703492,64556.03722419945,45734.8562913553,3186.5706920048506,14339.171640226885,30025.048015069253,7830.01838860343,28913.873480740447,33998.49096852786,15897.902291113753,33683.9947108319,25508.589847283627,170.39598712490772,10091.889946640254,16453.289388752688,2285.7152003116153,13916.110944311598,80963.9996821399,4981.662144235871,62.00553587834589,38573.173517778254,15938.77150178323,1537.3214360797028,10416.05476083563,34400.472537841415,1904.9410903540647,16920.760449459805,44843.03220876796,21689.73648409341,92544.07594146121,63869.81148473038,57310.892342836465,30806.32698674067,4235.501556205661,22512.495535231454,1751.4386604023412
31,3203.1921569852384,1569.4205781025878,12272.37366638373,2959.9750454235623,40817.15098671515,3778.373768791946,15427.08635218652,22409.691704953755,4843.508337185796,-8662.415662483345,6567.665800808946,-1929.7431530298998,24601.223307328568,-25113.175541750606,-852.1875548015735,88061.5071967631,18277.583107726885,23393.234161202032,22854.06646979833,4220.915505147793,43772.87102954672,24670.01618309681,33588.43000968573,-3383.150652864482,5774.333560478993,27919.975819337076,18892.28387867523,66053.01706765119,4292.986273191395,13342.123136270733,8782.738841928069,17066.873556887906,-1392.7237773504098,3649.6611655356514,29760.407803415113,35335.90127414412,4137.112506559456,20788.089800168123,-37929.745804335726,21263.086044615862,1365.5286774171345,7968.101799260905,-2621.7418627009984,1048.0933419825426,67828.73089605058,79372.9723555426,14698.5311292537,78962.62445512402,39892.963986121875,8857.738869172892,3371.6004793746547,18708.80531434927,21424.24760720146,26332.47791774082,72842.8799550545,53048.78453832477,9914.3230818851,-1644.8174067021039,3380.01019398229,33539.12217453053,12924.429571609333,75459.55401023389,42013.46073071782,24420.19373175573,11331.608591843238,64295.22901816801,45474.04808532386,3118.095037710744,14296.721632199587,29824.022800463554,7688.899837694297,28814.08327047503,33918.14278853809,15941.775045739692,33603.64653084213,25411.02627071205,101.92033283080072,9950.77139573112,16481.497778000317,2217.2395460175085,13790.322038745304,80569.22013879912,4917.893753402161,27.51774317255914,38553.16893651541,15993.802014794099,1468.845781785596,10403.912703793088,34359.92199829617,1849.956761926242,16914.75983636789,44890.46553709116,21592.17290752183,92389.95779472662,63293.45151914258,57349.6001362647,30706.536776475252,4189.553506714868,22498.007375913363,1682.9630061082344
32,3130.9421593519073,1497.1705804692567,12236.343213632963,2936.4844850156433,40840.64276216556,3754.883208384027,15391.055899435753,22404.3438444505,4777.317138552211,-8693.870770530797,6555.348537381765,-2001.3103954477,24595.875446825314,-25169.17683046433,-875.6781152094933,87918.37032145305,18302.549467944475,23437.237508004626,22900.603398420688,4190.720312171514,43778.80917444335,24672.229010306142,33562.15909499988,-3588.6783666729866,5702.083562845661,27922.427417738483,18917.25023889282,65909.88019234117,4269.495712783477,13306.092683519966,8752.543648951792,17088.042263402083,-1464.973774983741,3620.4880189698956,29762.85940181652,35342.162313756904,4088.057587042821,20782.74193966487,-38057.63226704255,21324.050708360584,1293.2786797838037,7948.392250857397,-2639.6574592871266,975.8433443492115,67757.68589647686,79313.48322024332,14753.797284332266,78891.57945555031,39899.22502573466,8834.24830876497,3348.1099189667357,18721.032372908696,21400.691429807,26334.929516142227,72699.74307974445,52977.73953875105,9878.292629134334,-1718.2020399043424,3307.7601963489587,33543.22970015145,12888.399118858566,75316.41713492385,42019.39887561445,24450.759931482688,11287.14378197398,64224.184018594286,45403.00308575014,3045.8450400774127,14260.69117944882,29679.877812404848,7625.392040017121,28792.3772054074,33924.40382815088,15997.041200818257,33609.90757045492,25405.678410208795,29.67033519746992,9887.263598053943,16541.84852060856,2144.9895483841774,13726.74198482676,80426.08326348908,4866.49708081467,-19.804230189539346,38559.10708141204,16018.768375011688,1396.5957841522647,10415.926475511083,34364.029523917096,1826.4662015183226,16931.304071908788,44942.36311508882,21586.825047018578,92331.44371622735,63043.199530365295,57429.11135502468,30684.830711407623,4160.380360149113,22551.11656476306,1610.713008474903
33,2412.957325728241,779.1857468455909,11462.645134755543,2014.8322374138952,41724.233283557405,2833.230960782279,14617.35782055833,23557.048468379868,4198.367692349087,-9645.045186017363,6252.274695516026,-2851.95897882333,25748.58007075468,-27128.651502942415,-1797.3303628112412,90737.77990086141,18695.624579529464,24162.973600212925,23484.105649696812,3475.5436364590205,44630.11919667888,25847.02880027201,34808.338030424995,-6579.0197785856335,4984.098729221997,28639.3646664828,19310.325350477808,68729.28977174952,3347.843465181729,12532.394604642546,8037.366973239297,17658.178643976826,-2182.9586086074064,2678.961530998523,30479.79665056084,36625.44077666256,3189.8905932673542,21935.446563594236,-40643.6022956036,22042.337214277846,575.2938461601378,6978.180016521957,-3549.232440656779,257.85851072554567,69894.65229633212,81481.13196462953,15311.064427034291,81028.54585540557,41182.503488640315,7912.596061163225,2426.4576713649876,18961.44210102714,20668.563717101373,27051.866764886545,75519.15265915281,55114.70593860629,9104.594550256914,-2588.641860840564,2589.7753627252932,34293.904375795406,12114.701039981146,78135.8267143322,42870.70889784999,25010.433636247948,10472.57906649394,66361.15041844954,47539.96948560538,2327.860206453747,13486.993100571399,28469.299537813466,6800.159194593111,30096.818994617133,35207.682291056524,16554.308343520283,34893.186033360565,26558.38303413816,-688.3144984261959,9062.030752629933,17135.62248689686,1427.004714760512,12800.208508196141,83245.49284289744,4181.76028051214,-1155.7064592562829,39410.417103647575,16411.843486596677,678.6109505285993,10299.289742754518,35114.70419956105,904.8139539165741,17194.0587203014,45966.12064275348,22739.529670947944,94586.01085282874,65554.3860361198,58637.92503914627,31989.272500617353,3218.85387217774,23155.181070742303,892.7281748512377
34,2344.481671434134,710.7100925514839,11420.195126728246,1959.8479089860725,41688.12893082347,2778.2466323544554,14574.907812531033,23459.48489180829,4105.54963999061,-9711.299931147836,6291.64382260534,-2923.4217624914845,25651.016494183103,-27147.803796258835,-1852.314691239064,90343.00035752064,18750.65509254033,24151.990800639644,23472.62636137504,3392.438813491422,44610.11461541604,25768.60628095667,34716.92825668966,-6762.536505678489,4915.62307492789,28602.702267875895,19365.355863488676,68334.51022840875,3292.859136753905,12489.944596615249,7954.262150271699,17646.34872271633,-2251.434262901513,2633.0134815077304,30443.134251953932,36545.09259667279,3123.6358481368798,21837.88298702266,-40701.372328504454,22050.017813429946,506.8181918660308,6852.391110955661,-3576.255062873797,189.38285643143865,69642.58331816306,81220.3237585981,15354.93718166023,80777.58165984617,41102.155308650545,7857.611732735401,2371.473342937164,18949.888663322305,20669.414908491017,27015.20436627964,75124.37311581204,54853.89773257485,9062.144542229616,-2641.73816493349,2521.2997084311864,34253.353836250164,12072.251031953849,77741.04717099143,42850.704316587144,25054.306390873884,10391.992031302258,66109.08144028048,47279.16127957394,2259.3845521596404,13444.543092544101,28268.274323207766,6719.704071736676,29997.028784351714,35127.33411106675,16598.18109814622,34812.837853370795,26460.819457566584,-756.7901527203029,8981.575629773499,17163.83087614449,1358.529060466405,12692.921486304866,82850.71329955666,4117.991889678429,-1245.3004292734893,39390.41252238473,16466.873999607546,610.1352962344923,10287.147685711976,35074.15366001581,849.8296254887509,17188.058107209486,45975.0698152773,22641.966094376367,94380.40116708918,64978.026070532,58734.32519017023,31889.482290351934,3172.9058226869474,23158.387981831933,824.2525205571307
35,2272.231673800803,638.460094918153,11384.164673977479,1936.3573485781528,41697.566789616074,2754.7560719465364,14538.877359780266,23454.137031305036,4039.358441357023,-9760.354850664473,6279.326559178158,-3004.6142553610284,25645.66863367985,-27209.02856058839,-1875.8052516469838,90199.8634822106,18775.62145275792,24195.994147442238,23503.192561101998,3362.243620515143,44616.05276031267,25770.819108166,34690.657342003804,-6968.064219486995,4843.373077294558,28605.153866277302,19390.322223706266,68191.37335309871,3269.368576345986,12453.914143864482,7924.06695729542,17667.51742923051,-2323.6842605348443,2603.8403349419746,30445.58585035534,36551.353636285574,3074.5809286202457,21832.535126519404,-40809.19497293495,22110.982477174668,434.5681942327,6788.811057037124,-3594.1706594599254,117.13285879810789,69555.48802744747,81149.27875902438,15410.203336738796,80747.40328436674,41108.41634826333,7834.121172327483,2347.982782529245,18962.11572188173,20645.858731096556,27017.655964681046,74981.236240502,54782.85273300113,9026.11408947885,-2710.841751004963,2449.0497107978554,34257.46136187109,12036.220579203082,77597.91029568139,42856.642461483774,25109.57254595246,10347.527221433,66021.9861495649,47208.11628000022,2187.1345545263093,13408.512639793335,28124.12933514906,6679.600554783019,29975.322719284086,35133.59515067954,16653.447253224796,34819.09889298358,26455.47159706333,-829.0401503536336,8941.472112819843,17224.18161875273,1286.2790628330742,12633.070118439198,82707.57642424662,4066.595217090939,-1328.4243381005288,39396.35066728136,16491.840359825135,537.8852986011616,10299.161457429971,35078.26118563673,826.3390650808316,17204.602342750382,46020.07276151766,22636.618233873112,94320.91203178989,64727.77408175472,58848.21445949774,31867.776225284306,3143.732676121192,23208.159902144656,752.0025229237998
